_id,coord.lon,coord.lat,weather[0].id,weather[0].main,weather[0].description,weather[0].icon,base,main.temp,main.feels_like,main.temp_min,main.temp_max,main.pressure,main.humidity,main.sea_level,main.grnd_level,wind.speed,wind.deg,wind.gust,clouds.all,dt,sys.type,sys.id,sys.country,sys.sunrise,sys.sunset,timezone,id,name,cod,fetch_timestamp,city_name_clean,geojson_location.type,geojson_location.coordinates[0],geojson_location.coordinates[1],visibility,rain.1h
69021dea7200c261ab33bece,1.4667,42.4833,804,Clouds,overcast clouds,04d,stations,8.04,8.04,7.62,8.08,1010,93,1010,818,1.25,208,2.57,100,1761746413,2,2099214,AD,1761719030,1761756700,3600,3039162,Sant Julià de Loria,200,2025-10-29T14:00:10.852Z,Aixàs,Point,1.4667,42.4833,,
69021dea7200c261ab33bed0,1.5,42.4667,804,Clouds,overcast clouds,04d,stations,10.24,9.75,9.83,10.29,1010,93,1010,818,1.31,217,2.62,100,1761746413,2,2099214,AD,1761719020,1761756693,3600,3039163,Sant Julià de Lòria,200,2025-10-29T14:00:10.907Z,Aixirivali,Point,1.5,42.4667,,
69021dea7200c261ab33bed2,1.5,42.4667,804,Clouds,overcast clouds,04d,stations,10.24,9.75,9.83,10.29,1010,93,1010,818,1.31,217,2.62,100,1761746413,2,2099214,AD,1761719020,1761756693,3600,3039163,Sant Julià de Lòria,200,2025-10-29T14:00:10.945Z,Aixirivall,Point,1.5,42.4667,,
69021dea7200c261ab33bed4,1.5,42.4667,804,Clouds,overcast clouds,04d,stations,10.24,9.75,9.83,10.29,1010,93,1010,818,1.31,217,2.62,100,1761746413,2,2099214,AD,1761719020,1761756693,3600,3039163,Sant Julià de Lòria,200,2025-10-29T14:00:10.977Z,Aixirvall,Point,1.5,42.4667,,
69021deb7200c261ab33bed6,1.4833,42.4667,804,Clouds,overcast clouds,04d,stations,8.3,8.3,7.88,8.34,1010,93,1010,818,1.31,217,2.62,100,1761746414,2,2099214,AD,1761719024,1761756697,3600,3039162,Sant Julià de Loria,200,2025-10-29T14:00:11.027Z,Aixovall,Point,1.4833,42.4667,,
69021deb7200c261ab33bed8,1.5167,42.5,804,Clouds,overcast clouds,04d,stations,10.32,9.84,9.91,10.37,1010,93,1010,807,0.45,184,1.79,100,1761746414,2,2099214,AD,1761719020,1761756686,3600,3041563,Andorra la Vella,200,2025-10-29T14:00:11.087Z,Andorra,Point,1.5167,42.5,163,
69021deb7200c261ab33beda,1.5167,42.5,804,Clouds,overcast clouds,04d,stations,10.32,9.84,9.91,10.37,1010,93,1010,807,0.45,184,1.79,100,1761746414,2,2099214,AD,1761719020,1761756686,3600,3041563,Andorra la Vella,200,2025-10-29T14:00:11.160Z,Andorra la Vella,Point,1.5167,42.5,163,
69021deb7200c261ab33bedc,1.5167,42.5,804,Clouds,overcast clouds,04d,stations,10.32,9.84,9.91,10.37,1010,93,1010,807,0.45,184,1.79,100,1761746414,2,2099214,AD,1761719020,1761756686,3600,3041563,Andorra la Vella,200,2025-10-29T14:00:11.196Z,Andorra-Vieille,Point,1.5167,42.5,163,
69021deb7200c261ab33bede,1.5167,42.5,804,Clouds,overcast clouds,04d,stations,10.32,9.84,9.91,10.37,1010,93,1010,807,0.45,184,1.79,100,1761746414,2,2099214,AD,1761719020,1761756686,3600,3041563,Andorra la Vella,200,2025-10-29T14:00:11.233Z,Andorre,Point,1.5167,42.5,163,
69021deb7200c261ab33bee0,1.5167,42.5,804,Clouds,overcast clouds,04d,stations,10.32,9.84,9.91,10.37,1010,93,1010,807,0.45,184,1.79,100,1761746414,2,2099214,AD,1761719020,1761756686,3600,3041563,Andorra la Vella,200,2025-10-29T14:00:11.288Z,Andorre-la-Vieille,Point,1.5167,42.5,163,
69021deb7200c261ab33bee2,1.5167,42.5,804,Clouds,overcast clouds,04d,stations,10.32,9.84,9.91,10.37,1010,93,1010,807,0.45,184,1.79,100,1761746414,2,2099214,AD,1761719020,1761756686,3600,3041563,Andorra la Vella,200,2025-10-29T14:00:11.321Z,Andorre-Vieille,Point,1.5167,42.5,163,
69021deb7200c261ab33bee4,1.5167,42.5667,804,Clouds,overcast clouds,04d,stations,7.2,7.2,6.79,7.25,1010,92,1010,803,0.45,184,1.79,100,1761746414,2,2099214,AD,1761719027,1761756679,3600,3039678,Ordino,200,2025-10-29T14:00:11.367Z,Ansalonga,Point,1.5167,42.5667,2450,
69021deb7200c261ab33bee6,1.5333,42.5333,804,Clouds,overcast clouds,04d,stations,7.28,7.28,6.86,7.32,1010,93,1010,805,0.45,184,1.79,100,1761746414,2,2099214,AD,1761719019,1761756678,3600,3040132,La Massana,200,2025-10-29T14:00:11.417Z,Anyós,Point,1.5333,42.5333,1293,
69021deb7200c261ab33bee8,1.5167,42.5833,804,Clouds,overcast clouds,04d,stations,7.64,7.64,7.27,7.73,1009,91,1009,802,0.45,184,1.79,100,1761746414,2,2099214,AD,1761719028,1761756677,3600,3039676,Ordino,200,2025-10-29T14:00:11.461Z,Arans,Point,1.5167,42.5833,3656,
69021deb7200c261ab33beea,1.4833,42.5667,804,Clouds,overcast clouds,04d,stations,5.91,5.91,5.5,5.96,1010,93,1010,806,0.45,184,1.79,100,1761746414,2,2099214,AD,1761719035,1761756687,3600,3041519,Arinsal,200,2025-10-29T14:00:11.503Z,Arinsal,Point,1.4833,42.5667,1818,
69021deb7200c261ab33beec,1.5,42.45,804,Clouds,overcast clouds,04d,stations,8.48,8.48,8.06,8.52,1010,93,1010,818,1.31,217,2.62,100,1761746414,2,2099214,AD,1761719019,1761756695,3600,3039163,Sant Julià de Lòria,200,2025-10-29T14:00:11.542Z,Aubinyà,Point,1.5,42.45,,
69021deb7200c261ab33beee,1.5,42.45,804,Clouds,overcast clouds,04d,stations,8.48,8.48,8.06,8.52,1010,93,1010,818,1.31,217,2.62,100,1761746414,2,2099214,AD,1761719019,1761756695,3600,3039163,Sant Julià de Lòria,200,2025-10-29T14:00:11.597Z,Auvinya,Point,1.5,42.45,,
69021deb7200c261ab33bef0,1.4667,42.4833,804,Clouds,overcast clouds,04d,stations,8.04,8.04,7.62,8.08,1010,93,1010,818,1.25,208,2.57,100,1761746413,2,2099214,AD,1761719030,1761756700,3600,3039162,Sant Julià de Loria,200,2025-10-29T14:00:11.630Z,Biçisarri,Point,1.4667,42.4833,,
69021deb7200c261ab33bef2,1.4667,42.4833,804,Clouds,overcast clouds,04d,stations,8.04,8.04,7.62,8.08,1010,93,1010,818,1.25,208,2.57,100,1761746413,2,2099214,AD,1761719030,1761756700,3600,3039162,Sant Julià de Loria,200,2025-10-29T14:00:11.672Z,Bixessarri,Point,1.4667,42.4833,,
69021deb7200c261ab33bef4,1.4667,42.4833,804,Clouds,overcast clouds,04d,stations,8.04,8.04,7.62,8.08,1010,93,1010,818,1.25,208,2.57,100,1761746413,2,2099214,AD,1761719030,1761756700,3600,3039162,Sant Julià de Loria,200,2025-10-29T14:00:11.708Z,Bixisarri,Point,1.4667,42.4833,,
69021deb7200c261ab33bef6,1.6,42.5667,804,Clouds,overcast clouds,04d,stations,6.86,6.86,6.62,7.08,1009,86,1009,799,0.45,184,1.79,100,1761746414,2,2100125,AD,1761719007,1761756659,3600,3041204,Canillo,200,2025-10-29T14:00:11.751Z,Canillo,Point,1.6,42.5667,3640,
69021deb7200c261ab33bef8,1.5667,42.5333,804,Clouds,overcast clouds,04d,stations,8.17,8.17,8.01,8.47,1010,86,1010,802,0.45,184,1.79,100,1761746414,2,2106053,AD,1761719011,1761756670,3600,3040686,Encamp,200,2025-10-29T14:00:11.802Z,Casas Vila,Point,1.5667,42.5333,1607,
69021deb7200c261ab33befa,1.5,42.4667,804,Clouds,overcast clouds,04d,stations,10.24,9.75,9.83,10.29,1010,93,1010,818,1.31,217,2.62,100,1761746413,2,2099214,AD,1761719020,1761756693,3600,3039163,Sant Julià de Lòria,200,2025-10-29T14:00:11.836Z,Certers,Point,1.5,42.4667,,
69021deb7200c261ab33befc,1.5,42.4667,804,Clouds,overcast clouds,04d,stations,10.24,9.75,9.83,10.29,1010,93,1010,818,1.31,217,2.62,100,1761746413,2,2099214,AD,1761719020,1761756693,3600,3039163,Sant Julià de Lòria,200,2025-10-29T14:00:11.875Z,Certés,Point,1.5,42.4667,,
69021deb7200c261ab33befe,1.5,42.4667,804,Clouds,overcast clouds,04d,stations,10.24,9.75,9.83,10.29,1010,93,1010,818,1.31,217,2.62,100,1761746413,2,2099214,AD,1761719020,1761756693,3600,3039163,Sant Julià de Lòria,200,2025-10-29T14:00:11.913Z,Eixirivall,Point,1.5,42.4667,,
69021deb7200c261ab33bf00,1.5167,42.55,804,Clouds,overcast clouds,04d,stations,8.4,8.4,7.99,8.45,1010,92,1010,805,0.45,184,1.79,100,1761746414,2,2099214,AD,1761719025,1761756681,3600,3040132,La Massana,200,2025-10-29T14:00:11.953Z,El Pui,Point,1.5167,42.55,1293,
69021deb7200c261ab33bf02,1.5833,42.5333,804,Clouds,overcast clouds,04d,stations,8.55,8.55,8.33,8.79,1010,86,1010,802,0.45,184,1.79,100,1761746415,2,2106053,AD,1761719007,1761756666,3600,3040686,Encamp,200,2025-10-29T14:00:11.993Z,Els Bons,Point,1.5833,42.5333,1607,
69021dec7200c261ab33bf04,1.55,42.6167,804,Clouds,overcast clouds,04d,stations,4.08,4.08,3.84,4.3,1009,86,1009,802,0.45,184,1.79,100,1761746415,2,2100125,AD,1761719024,1761756666,3600,3039676,Ordino,200,2025-10-29T14:00:12.046Z,El Serrat,Point,1.55,42.6167,6120,
69021dec7200c261ab33bf06,1.6333,42.5833,804,Clouds,overcast clouds,04d,stations,4.92,4.92,4.64,5.98,1009,88,1009,800,0.45,184,1.79,100,1761746415,2,2100125,AD,1761719000,1761756649,3600,3041203,Canillo,200,2025-10-29T14:00:12.093Z,Els Plans,Point,1.6333,42.5833,6923,
69021dec7200c261ab33bf08,1.65,42.5833,804,Clouds,overcast clouds,04d,stations,4.75,4.75,4.47,5.81,1009,88,1009,800,0.45,184,1.79,100,1761746415,2,2100125,AD,1761718996,1761756645,3600,3041203,Canillo,200,2025-10-29T14:00:12.133Z,El Tarter,Point,1.65,42.5833,6923,
69021dec7200c261ab33bf0a,1.5833,42.55,804,Clouds,overcast clouds,04d,stations,5.26,5.26,5.02,5.48,1010,86,1010,802,0.45,184,1.79,100,1761746415,2,2100125,AD,1761719009,1761756665,3600,3039819,Molleres,200,2025-10-29T14:00:12.187Z,El Tremat,Point,1.5833,42.55,1607,
69021dec7200c261ab33bf0c,1.6,42.5667,804,Clouds,overcast clouds,04d,stations,6.86,6.86,6.62,7.08,1009,86,1009,799,0.45,184,1.79,100,1761746414,2,2100125,AD,1761719007,1761756659,3600,3041204,Canillo,200,2025-10-29T14:00:12.257Z,El Vilar,Point,1.6,42.5667,3640,
69021dec7200c261ab33bf0e,1.5833,42.5333,804,Clouds,overcast clouds,04d,stations,8.55,8.55,8.33,8.79,1010,86,1010,802,0.45,184,1.79,100,1761746415,2,2106053,AD,1761719007,1761756666,3600,3040686,Encamp,200,2025-10-29T14:00:12.327Z,Encamp,Point,1.5833,42.5333,1607,
69021dec7200c261ab33bf10,1.55,42.5167,804,Clouds,overcast clouds,04d,stations,8.33,8.33,7.91,8.38,1010,93,1010,804,0.45,184,1.79,100,1761746415,2,2099214,AD,1761719014,1761756676,3600,3040051,Escaldes-Engordany,200,2025-10-29T14:00:12.373Z,Engordany,Point,1.55,42.5167,191,
69021dec7200c261ab33bf12,1.5,42.5667,804,Clouds,overcast clouds,04d,stations,6.26,6.26,5.85,6.31,1010,92,1010,806,0.45,184,1.79,100,1761746415,2,2099214,AD,1761719031,1761756683,3600,3040131,La Massana,200,2025-10-29T14:00:12.419Z,Ercs,Point,1.5,42.5667,1818,
69021dec7200c261ab33bf14,1.5,42.5667,804,Clouds,overcast clouds,04d,stations,6.26,6.26,5.85,6.31,1010,92,1010,806,0.45,184,1.79,100,1761746415,2,2099214,AD,1761719031,1761756683,3600,3040131,La Massana,200,2025-10-29T14:00:12.453Z,Ercz,Point,1.5,42.5667,1818,
69021dec7200c261ab33bf16,1.5,42.5667,804,Clouds,overcast clouds,04d,stations,6.26,6.26,5.85,6.31,1010,92,1010,806,0.45,184,1.79,100,1761746415,2,2099214,AD,1761719031,1761756683,3600,3040131,La Massana,200,2025-10-29T14:00:12.492Z,Erez,Point,1.5,42.5667,1818,
69021dec7200c261ab33bf18,1.5,42.5667,804,Clouds,overcast clouds,04d,stations,6.26,6.26,5.85,6.31,1010,92,1010,806,0.45,184,1.79,100,1761746415,2,2099214,AD,1761719031,1761756683,3600,3040131,La Massana,200,2025-10-29T14:00:12.530Z,Erts,Point,1.5,42.5667,1818,
69021dec7200c261ab33bf1a,1.5333,42.5,804,Clouds,overcast clouds,04d,stations,8.21,8.21,7.8,8.26,1010,93,1010,807,0.45,184,1.79,100,1761746415,2,2099214,AD,1761719016,1761756682,3600,3040051,Escaldes-Engordany,200,2025-10-29T14:00:12.577Z,Escaldas,Point,1.5333,42.5,163,
69021dec7200c261ab33bf1c,1.5333,42.5,804,Clouds,overcast clouds,04d,stations,8.21,8.21,7.8,8.26,1010,93,1010,807,0.45,184,1.79,100,1761746415,2,2099214,AD,1761719016,1761756682,3600,3040051,Escaldes-Engordany,200,2025-10-29T14:00:12.639Z,Escaldes,Point,1.5333,42.5,163,
69021dec7200c261ab33bf1e,1.5167,42.55,804,Clouds,overcast clouds,04d,stations,8.4,8.4,7.99,8.45,1010,92,1010,805,0.45,184,1.79,100,1761746414,2,2099214,AD,1761719025,1761756681,3600,3040132,La Massana,200,2025-10-29T14:00:12.678Z,Escàs,Point,1.5167,42.55,1293,
69021dec7200c261ab33bf20,1.4667,42.45,804,Clouds,overcast clouds,04d,stations,8.06,8.06,7.64,8.1,1010,93,1010,822,1.1,215,2.37,100,1761746415,2,2099214,ES,1761719027,1761756703,3600,6358963,les Valls de Valira,200,2025-10-29T14:00:12.722Z,Fontaneda,Point,1.4667,42.45,,
69021dec7200c261ab33bf22,1.5,42.4333,804,Clouds,overcast clouds,04d,stations,6.63,6.63,6.22,6.68,1010,93,1010,822,1.26,223,2.51,100,1761746415,2,2099214,ES,1761719017,1761756697,3600,3129784,Arcavell,200,2025-10-29T14:00:12.764Z,Juberri,Point,1.5,42.4333,,
69021dec7200c261ab33bf24,1.5,42.4333,804,Clouds,overcast clouds,04d,stations,6.63,6.63,6.22,6.68,1010,93,1010,822,1.26,223,2.51,100,1761746415,2,2099214,ES,1761719017,1761756697,3600,3129784,Arcavell,200,2025-10-29T14:00:12.802Z,Juverri,Point,1.5,42.4333,,
69021dec7200c261ab33bf26,1.5167,42.5667,804,Clouds,overcast clouds,04d,stations,7.2,7.2,6.79,7.25,1010,92,1010,803,0.45,184,1.79,100,1761746414,2,2099214,AD,1761719027,1761756679,3600,3039678,Ordino,200,2025-10-29T14:00:12.837Z,La Cortinada,Point,1.5167,42.5667,2450,
69021dec7200c261ab33bf28,1.6333,42.5833,804,Clouds,overcast clouds,04d,stations,4.92,4.92,4.64,5.98,1009,88,1009,800,0.45,184,1.79,100,1761746415,2,2100125,AD,1761719000,1761756649,3600,3041203,Canillo,200,2025-10-29T14:00:12.874Z,La Costa,Point,1.6333,42.5833,6923,
69021dec7200c261ab33bf2a,1.6333,42.5833,804,Clouds,overcast clouds,04d,stations,4.92,4.92,4.64,5.98,1009,88,1009,800,0.45,184,1.79,100,1761746415,2,2100125,AD,1761719000,1761756649,3600,3041203,Canillo,200,2025-10-29T14:00:12.907Z,L'Aldosa,Point,1.6333,42.5833,6923,
69021dec7200c261ab33bf2c,1.5167,42.55,804,Clouds,overcast clouds,04d,stations,8.4,8.4,7.99,8.45,1010,92,1010,805,0.45,184,1.79,100,1761746414,2,2099214,AD,1761719025,1761756681,3600,3040132,La Massana,200,2025-10-29T14:00:12.946Z,La Maçana,Point,1.5167,42.55,1293,
69021dec7200c261ab33bf2e,1.5167,42.55,804,Clouds,overcast clouds,04d,stations,8.4,8.4,7.99,8.45,1010,92,1010,805,0.45,184,1.79,100,1761746414,2,2099214,AD,1761719025,1761756681,3600,3040132,La Massana,200,2025-10-29T14:00:12.983Z,La Massana,Point,1.5167,42.55,1293,
69021ded7200c261ab33bf30,1.5333,42.5,804,Clouds,overcast clouds,04d,stations,8.21,8.21,7.8,8.26,1010,93,1010,807,0.45,184,1.79,100,1761746415,2,2099214,AD,1761719016,1761756682,3600,3040051,Escaldes-Engordany,200,2025-10-29T14:00:13.016Z,Las Escadas,Point,1.5333,42.5,163,
69021ded7200c261ab33bf32,1.5167,42.5,804,Clouds,overcast clouds,04d,stations,10.32,9.84,9.91,10.37,1010,93,1010,807,0.45,184,1.79,100,1761746414,2,2099214,AD,1761719020,1761756686,3600,3041563,Andorra la Vella,200,2025-10-29T14:00:13.057Z,la Vieja,Point,1.5167,42.5,163,
69021ded7200c261ab33bf34,1.5833,42.5333,804,Clouds,overcast clouds,04d,stations,8.55,8.55,8.33,8.79,1010,86,1010,802,0.45,184,1.79,100,1761746415,2,2106053,AD,1761719007,1761756666,3600,3040686,Encamp,200,2025-10-29T14:00:13.095Z,Les Bons,Point,1.5833,42.5333,1607,
69021ded7200c261ab33bf36,1.5333,42.5,804,Clouds,overcast clouds,04d,stations,8.21,8.21,7.8,8.26,1010,93,1010,807,0.45,184,1.79,100,1761746415,2,2099214,AD,1761719016,1761756682,3600,3040051,Escaldes-Engordany,200,2025-10-29T14:00:13.134Z,Les Escaldes,Point,1.5333,42.5,163,
69021ded7200c261ab33bf38,1.5333,42.6,804,Clouds,overcast clouds,04d,stations,7.29,7.29,7.06,7.52,1009,86,1009,802,0.45,184,1.79,100,1761746416,2,2100125,AD,1761719026,1761756671,3600,3039676,Ordino,200,2025-10-29T14:00:13.178Z,Llors,Point,1.5333,42.6,3656,
69021ded7200c261ab33bf3a,1.5333,42.6,804,Clouds,overcast clouds,04d,stations,7.29,7.29,7.06,7.52,1009,86,1009,802,0.45,184,1.79,100,1761746416,2,2100125,AD,1761719026,1761756671,3600,3039676,Ordino,200,2025-10-29T14:00:13.215Z,Llorta,Point,1.5333,42.6,3656,
69021ded7200c261ab33bf3c,1.5333,42.6,804,Clouds,overcast clouds,04d,stations,7.29,7.29,7.06,7.52,1009,86,1009,802,0.45,184,1.79,100,1761746416,2,2100125,AD,1761719026,1761756671,3600,3039676,Ordino,200,2025-10-29T14:00:13.271Z,Llorts,Point,1.5333,42.6,3656,
69021ded7200c261ab33bf3e,1.5167,42.4667,804,Clouds,overcast clouds,04d,stations,7.41,7.41,7,7.46,1010,93,1010,814,0.45,184,1.79,100,1761746416,2,2099214,AD,1761719016,1761756689,3600,3039163,Sant Julià de Lòria,200,2025-10-29T14:00:13.318Z,Llumeneres,Point,1.5167,42.4667,,
69021ded7200c261ab33bf40,1.5333,42.6,804,Clouds,overcast clouds,04d,stations,7.29,7.29,7.06,7.52,1009,86,1009,802,0.45,184,1.79,100,1761746416,2,2100125,AD,1761719026,1761756671,3600,3039676,Ordino,200,2025-10-29T14:00:13.375Z,Lors,Point,1.5333,42.6,3656,
69021ded7200c261ab33bf42,1.55,42.6167,804,Clouds,overcast clouds,04d,stations,4.08,4.08,3.84,4.3,1009,86,1009,802,0.45,184,1.79,100,1761746415,2,2100125,AD,1761719024,1761756666,3600,3039676,Ordino,200,2025-10-29T14:00:13.417Z,Lo Serrat,Point,1.55,42.6167,6120,
69021ded7200c261ab33bf44,1.45,42.4333,804,Clouds,overcast clouds,04d,stations,9.87,9.87,9.45,9.91,1010,93,1010,826,1.04,224,2.25,100,1761746416,2,2099214,ES,1761719029,1761756709,3600,6358963,les Valls de Valira,200,2025-10-29T14:00:13.496Z,Mas d'Alins,Point,1.45,42.4333,,
69021ded7200c261ab33bf46,1.4833,42.5667,804,Clouds,overcast clouds,04d,stations,5.91,5.91,5.5,5.96,1010,93,1010,806,0.45,184,1.79,100,1761746414,2,2099214,AD,1761719035,1761756687,3600,3041519,Arinsal,200,2025-10-29T14:00:13.533Z,Mas de Ribafeta,Point,1.4833,42.5667,1818,
69021ded7200c261ab33bf48,1.6,42.55,804,Clouds,overcast clouds,04d,stations,4.3,4.3,4.06,4.52,1010,86,1010,800,0.45,184,1.79,100,1761746416,2,2100125,AD,1761719005,1761756661,3600,3039819,Molleres,200,2025-10-29T14:00:13.575Z,Meritxell,Point,1.6,42.55,1905,
69021ded7200c261ab33bf4a,1.5833,42.55,804,Clouds,overcast clouds,04d,stations,5.26,5.26,5.02,5.48,1010,86,1010,802,0.45,184,1.79,100,1761746415,2,2100125,AD,1761719009,1761756665,3600,3039819,Molleres,200,2025-10-29T14:00:13.612Z,Molleres,Point,1.5833,42.55,1607,
69021ded7200c261ab33bf4c,1.5833,42.55,804,Clouds,overcast clouds,04d,stations,5.26,5.26,5.02,5.48,1010,86,1010,802,0.45,184,1.79,100,1761746415,2,2100125,AD,1761719009,1761756665,3600,3039819,Molleres,200,2025-10-29T14:00:13.649Z,Mosquera,Point,1.5833,42.55,1607,
69021ded7200c261ab33bf4e,1.5,42.4667,804,Clouds,overcast clouds,04d,stations,10.24,9.75,9.83,10.29,1010,93,1010,818,1.31,217,2.62,100,1761746413,2,2099214,AD,1761719020,1761756693,3600,3039163,Sant Julià de Lòria,200,2025-10-29T14:00:13.684Z,Nagol,Point,1.5,42.4667,,
69021ded7200c261ab33bf50,1.5333,42.55,804,Clouds,overcast clouds,04d,stations,8.03,8.03,7.62,8.08,1010,92,1010,805,0.45,184,1.79,100,1761746416,2,2099214,AD,1761719021,1761756677,3600,3039678,Ordino,200,2025-10-29T14:00:13.728Z,Ordino,Point,1.5333,42.55,1293,
69021ded7200c261ab33bf52,1.4833,42.55,804,Clouds,overcast clouds,04d,stations,7.06,7.06,6.64,7.1,1010,93,1010,808,0.45,184,1.79,100,1761746416,2,2099214,AD,1761719033,1761756689,3600,3040131,La Massana,200,2025-10-29T14:00:13.774Z,Pal,Point,1.4833,42.55,967,
69021ded7200c261ab33bf54,1.7333,42.55,804,Clouds,overcast clouds,04d,stations,3.43,1.14,3.16,4.5,1009,88,1009,798,2.39,213,3.5,100,1761746416,2,2100125,AD,1761718973,1761756629,3600,3039604,Pas de la Casa,200,2025-10-29T14:00:13.817Z,Pas de la Casa,Point,1.7333,42.55,2460,
69021ded7200c261ab33bf56,1.6,42.5667,804,Clouds,overcast clouds,04d,stations,6.86,6.86,6.62,7.08,1009,86,1009,799,0.45,184,1.79,100,1761746414,2,2100125,AD,1761719007,1761756659,3600,3041204,Canillo,200,2025-10-29T14:00:13.853Z,Prats,Point,1.6,42.5667,3640,
69021ded7200c261ab33bf58,1.5,42.5667,804,Clouds,overcast clouds,04d,stations,6.26,6.26,5.85,6.31,1010,92,1010,806,0.45,184,1.79,100,1761746415,2,2099214,AD,1761719031,1761756683,3600,3040131,La Massana,200,2025-10-29T14:00:13.894Z,Puiol del Piu,Point,1.5,42.5667,1818,
69021ded7200c261ab33bf5a,1.6333,42.5833,804,Clouds,overcast clouds,04d,stations,4.92,4.92,4.64,5.98,1009,88,1009,800,0.45,184,1.79,100,1761746415,2,2100125,AD,1761719000,1761756649,3600,3041203,Canillo,200,2025-10-29T14:00:13.930Z,Ransol,Point,1.6333,42.5833,6923,
69021ded7200c261ab33bf5c,1.6,42.55,804,Clouds,overcast clouds,04d,stations,4.3,4.3,4.06,4.52,1010,86,1010,800,0.45,184,1.79,100,1761746416,2,2100125,AD,1761719005,1761756661,3600,3039819,Molleres,200,2025-10-29T14:00:13.963Z,Sanctuaire de Meritxeli,Point,1.6,42.55,1905,
69021ded7200c261ab33bf5e,1.6,42.55,804,Clouds,overcast clouds,04d,stations,4.3,4.3,4.06,4.52,1010,86,1010,800,0.45,184,1.79,100,1761746416,2,2100125,AD,1761719005,1761756661,3600,3039819,Molleres,200,2025-10-29T14:00:13.996Z,Sanctuaire de Meritxell,Point,1.6,42.55,1905,
69021dee7200c261ab33bf60,1.6167,42.5667,804,Clouds,overcast clouds,04d,stations,4.49,4.49,4.25,4.71,1009,86,1009,799,0.45,184,1.79,100,1761746417,2,2100125,AD,1761719003,1761756655,3600,3041204,Canillo,200,2025-10-29T14:00:14.041Z,San Joan de Casettas,Point,1.6167,42.5667,3640,
69021dee7200c261ab33bf62,1.5,42.4667,804,Clouds,overcast clouds,04d,stations,10.24,9.75,9.83,10.29,1010,93,1010,818,1.31,217,2.62,100,1761746413,2,2099214,AD,1761719020,1761756693,3600,3039163,Sant Julià de Lòria,200,2025-10-29T14:00:14.079Z,San Juliá,Point,1.5,42.4667,,
69021dee7200c261ab33bf64,1.5,42.5,804,Clouds,overcast clouds,04d,stations,9.87,9.87,9.46,9.92,1010,93,1010,811,0.45,184,1.79,100,1761746417,2,2099214,AD,1761719024,1761756690,3600,3041565,Andorra,200,2025-10-29T14:00:14.116Z,Santa Coloma,Point,1.5,42.5,155,
69021dee7200c261ab33bf66,1.5,42.4667,804,Clouds,overcast clouds,04d,stations,10.24,9.75,9.83,10.29,1010,93,1010,818,1.31,217,2.62,100,1761746413,2,2099214,AD,1761719020,1761756693,3600,3039163,Sant Julià de Lòria,200,2025-10-29T14:00:14.154Z,Santa Juliá de Loria,Point,1.5,42.4667,,
69021dee7200c261ab33bf68,1.6167,42.5667,804,Clouds,overcast clouds,04d,stations,4.49,4.49,4.25,4.71,1009,86,1009,799,0.45,184,1.79,100,1761746417,2,2100125,AD,1761719003,1761756655,3600,3041204,Canillo,200,2025-10-29T14:00:14.212Z,Sant Joan de Casellas,Point,1.6167,42.5667,3640,
69021dee7200c261ab33bf6a,1.6167,42.5667,804,Clouds,overcast clouds,04d,stations,4.49,4.49,4.25,4.71,1009,86,1009,799,0.45,184,1.79,100,1761746417,2,2100125,AD,1761719003,1761756655,3600,3041204,Canillo,200,2025-10-29T14:00:14.259Z,Sant Joan de Caselles,Point,1.6167,42.5667,3640,
69021dee7200c261ab33bf6c,1.5,42.4667,804,Clouds,overcast clouds,04d,stations,10.24,9.75,9.83,10.29,1010,93,1010,818,1.31,217,2.62,100,1761746413,2,2099214,AD,1761719020,1761756693,3600,3039163,Sant Julià de Lòria,200,2025-10-29T14:00:14.295Z,Sant Julià de Lòria,Point,1.5,42.4667,,
69021dee7200c261ab33bf6e,1.5,42.4667,804,Clouds,overcast clouds,04d,stations,10.24,9.75,9.83,10.29,1010,93,1010,818,1.31,217,2.62,100,1761746413,2,2099214,AD,1761719020,1761756693,3600,3039163,Sant Julià de Lòria,200,2025-10-29T14:00:14.328Z,Sant Juliá,Point,1.5,42.4667,,
69021dee7200c261ab33bf70,1.65,42.5833,804,Clouds,overcast clouds,04d,stations,4.75,4.75,4.47,5.81,1009,88,1009,800,0.45,184,1.79,100,1761746415,2,2100125,AD,1761718996,1761756645,3600,3041203,Canillo,200,2025-10-29T14:00:14.364Z,Sant Pere,Point,1.65,42.5833,6923,
69021dee7200c261ab33bf72,1.6,42.55,804,Clouds,overcast clouds,04d,stations,4.3,4.3,4.06,4.52,1010,86,1010,800,0.45,184,1.79,100,1761746416,2,2100125,AD,1761719005,1761756661,3600,3039819,Molleres,200,2025-10-29T14:00:14.403Z,Santuari de Meritxell,Point,1.6,42.55,1905,
69021dee7200c261ab33bf74,1.5333,42.55,804,Clouds,overcast clouds,04d,stations,8.03,8.03,7.62,8.08,1010,92,1010,805,0.45,184,1.79,100,1761746416,2,2099214,AD,1761719021,1761756677,3600,3039678,Ordino,200,2025-10-29T14:00:14.441Z,Segudet,Point,1.5333,42.55,1293,
69021dee7200c261ab33bf76,1.5,42.4667,804,Clouds,overcast clouds,04d,stations,10.24,9.75,9.83,10.29,1010,93,1010,818,1.31,217,2.62,100,1761746413,2,2099214,AD,1761719020,1761756693,3600,3039163,Sant Julià de Lòria,200,2025-10-29T14:00:14.476Z,Sertes,Point,1.5,42.4667,,
69021dee7200c261ab33bf78,1.5167,42.5333,804,Clouds,overcast clouds,04d,stations,8.69,8.69,8.27,8.73,1010,93,1010,805,0.45,184,1.79,100,1761746417,2,2099214,AD,1761719023,1761756682,3600,3040132,La Massana,200,2025-10-29T14:00:14.527Z,Sispony,Point,1.5167,42.5333,1293,
69021dee7200c261ab33bf7a,1.6667,42.5833,804,Clouds,overcast clouds,04d,stations,5.09,5.09,4.81,6.15,1009,88,1009,801,0.45,184,1.79,100,1761746417,2,2100125,AD,1761718992,1761756641,3600,3041203,Canillo,200,2025-10-29T14:00:14.577Z,Soldeu,Point,1.6667,42.5833,7421,
69021dee7200c261ab33bf7c,1.5333,42.5667,804,Clouds,overcast clouds,04d,stations,6.95,6.95,6.76,7.22,1010,89,1010,803,0.45,184,1.79,100,1761746417,2,2106053,AD,1761719023,1761756675,3600,3039678,Ordino,200,2025-10-29T14:00:14.627Z,Sornàs,Point,1.5333,42.5667,2450,
69021dee7200c261ab33bf7e,1.5667,42.5333,804,Clouds,overcast clouds,04d,stations,8.17,8.17,8.01,8.47,1010,86,1010,802,0.45,184,1.79,100,1761746414,2,2106053,AD,1761719011,1761756670,3600,3040686,Encamp,200,2025-10-29T14:00:14.666Z,Vila,Point,1.5667,42.5333,1607,
69021dee7200c261ab33bf80,1.4667,42.4833,804,Clouds,overcast clouds,04d,stations,8.04,8.04,7.62,8.08,1010,93,1010,818,1.25,208,2.57,100,1761746413,2,2099214,AD,1761719030,1761756700,3600,3039162,Sant Julià de Loria,200,2025-10-29T14:00:14.725Z,Vixesarri,Point,1.4667,42.4833,,
69021dee7200c261ab33bf82,1.4833,42.55,804,Clouds,overcast clouds,04d,stations,7.06,7.06,6.64,7.1,1010,93,1010,808,0.45,184,1.79,100,1761746416,2,2099214,AD,1761719033,1761756689,3600,3040131,La Massana,200,2025-10-29T14:00:14.761Z,Xixerella,Point,1.4833,42.55,967,
69021dee7200c261ab33bf84,54.3717,24.4692,800,Clear,clear sky,01n,stations,31.27,34.42,30.95,31.59,1010,56,1010,1010,4.63,330,,0,1761746400,2,2032466,AE,1761704842,1761745494,14400,292968,Abu Dhabi,200,2025-10-29T14:00:14.817Z,Abu Dabi,Point,54.3717,24.4692,10000,
69021dee7200c261ab33bf86,54.3717,24.4692,800,Clear,clear sky,01n,stations,31.27,34.42,30.95,31.59,1010,56,1010,1010,4.63,330,,0,1761746400,2,2032466,AE,1761704842,1761745494,14400,292968,Abu Dhabi,200,2025-10-29T14:00:14.849Z,Abu Dhabi,Point,54.3717,24.4692,10000,
69021dee7200c261ab33bf88,55.3296,25.2855,800,Clear,clear sky,01n,stations,31.99,34.59,31.17,31.99,1009,51,1009,1009,6.69,310,,0,1761746417,1,7537,AE,1761704668,1761745208,14400,292223,Dubai,200,2025-10-29T14:00:14.913Z,Abu Hail,Point,55.3296,25.2855,10000,
69021dee7200c261ab33bf8a,54.3717,24.4692,800,Clear,clear sky,01n,stations,31.27,34.42,30.95,31.59,1010,56,1010,1010,4.63,330,,0,1761746400,2,2032466,AE,1761704842,1761745494,14400,292968,Abu Dhabi,200,2025-10-29T14:00:14.950Z,Abu Zabi,Point,54.3717,24.4692,10000,
69021dee7200c261ab33bf8c,54.3717,24.4692,800,Clear,clear sky,01n,stations,31.27,34.42,30.95,31.59,1010,56,1010,1010,4.63,330,,0,1761746400,2,2032466,AE,1761704842,1761745494,14400,292968,Abu Dhabi,200,2025-10-29T14:00:14.982Z,Abu Zabye,Point,54.3717,24.4692,10000,
69021def7200c261ab33bf8e,54.3717,24.4692,800,Clear,clear sky,01n,stations,31.27,34.42,30.95,31.59,1010,56,1010,1010,4.63,330,,0,1761746400,2,2032466,AE,1761704842,1761745494,14400,292968,Abu Dhabi,200,2025-10-29T14:00:15.017Z,Abu Zabyo,Point,54.3717,24.4692,10000,
69021def7200c261ab33bf90,55.9333,25.7833,800,Clear,clear sky,01n,stations,32.11,32.44,32.11,32.11,1010,40,1010,1002,5.66,330,,0,1761746418,1,7544,AE,1761704557,1761745029,14400,291074,Ras al-Khaimah,200,2025-10-29T14:00:15.055Z,Ad Dharbaniya,Point,55.9333,25.7833,10000,
69021def7200c261ab33bf92,56.3583,25.4987,800,Clear,clear sky,01n,stations,28.94,28.55,28.94,28.94,1009,40,1009,987,0.83,188,0.45,0,1761746418,,,AE,1761704436,1761744947,14400,292239,Dibba Al-Hisn,200,2025-10-29T14:00:15.120Z,Adgat,Point,56.3583,25.4987,10000,
69021def7200c261ab33bf94,55.8816,25.2881,800,Clear,clear sky,01n,stations,30.18,30.7,30.18,30.18,1010,46,1010,992,5.71,327,7.87,0,1761746235,,,AE,1761704535,1761745076,14400,292953,Adh Dhayd,200,2025-10-29T14:00:15.155Z,Adh Dhaid,Point,55.8816,25.2881,10000,
69021f526510058198b608ee,1.4667,42.4833,804,Clouds,overcast clouds,04d,stations,8.04,8.04,7.62,8.08,1010,93,1010,818,1.25,208,2.57,100,1761746413,2,2099214,AD,1761719030,1761756700,3600,3039162,Sant Julià de Loria,200,2025-10-29T14:06:10.285Z,Aixàs,Point,1.4667,42.4833,,
69021f526510058198b608f0,1.5,42.4667,804,Clouds,overcast clouds,04d,stations,10.24,9.75,9.83,10.29,1010,93,1010,818,1.31,217,2.62,100,1761746413,2,2099214,AD,1761719020,1761756693,3600,3039163,Sant Julià de Lòria,200,2025-10-29T14:06:10.323Z,Aixirivali,Point,1.5,42.4667,,
69021f526510058198b608f2,1.5,42.4667,804,Clouds,overcast clouds,04d,stations,10.24,9.75,9.83,10.29,1010,93,1010,818,1.31,217,2.62,100,1761746413,2,2099214,AD,1761719020,1761756693,3600,3039163,Sant Julià de Lòria,200,2025-10-29T14:06:10.360Z,Aixirivall,Point,1.5,42.4667,,
69021f526510058198b608f4,1.5,42.4667,804,Clouds,overcast clouds,04d,stations,10.24,9.75,9.83,10.29,1010,93,1010,818,1.31,217,2.62,100,1761746413,2,2099214,AD,1761719020,1761756693,3600,3039163,Sant Julià de Lòria,200,2025-10-29T14:06:10.396Z,Aixirvall,Point,1.5,42.4667,,
69021f526510058198b608f6,1.4833,42.4667,804,Clouds,overcast clouds,04d,stations,8.3,8.3,7.88,8.34,1010,93,1010,818,1.31,217,2.62,100,1761746414,2,2099214,AD,1761719024,1761756697,3600,3039162,Sant Julià de Loria,200,2025-10-29T14:06:10.456Z,Aixovall,Point,1.4833,42.4667,,
69021f526510058198b608f8,1.5167,42.5,804,Clouds,overcast clouds,04d,stations,10.32,9.84,9.91,10.37,1010,93,1010,807,0.45,184,1.79,100,1761746414,2,2099214,AD,1761719020,1761756686,3600,3041563,Andorra la Vella,200,2025-10-29T14:06:10.493Z,Andorra,Point,1.5167,42.5,163,
69021f526510058198b608fa,1.5167,42.5,804,Clouds,overcast clouds,04d,stations,10.32,9.84,9.91,10.37,1010,93,1010,807,0.45,184,1.79,100,1761746414,2,2099214,AD,1761719020,1761756686,3600,3041563,Andorra la Vella,200,2025-10-29T14:06:10.532Z,Andorra la Vella,Point,1.5167,42.5,163,
69021f526510058198b608fc,1.5167,42.5,804,Clouds,overcast clouds,04d,stations,10.32,9.84,9.91,10.37,1010,93,1010,807,0.45,184,1.79,100,1761746414,2,2099214,AD,1761719020,1761756686,3600,3041563,Andorra la Vella,200,2025-10-29T14:06:10.566Z,Andorra-Vieille,Point,1.5167,42.5,163,
69021f526510058198b608fe,1.5167,42.5,804,Clouds,overcast clouds,04d,stations,10.32,9.84,9.91,10.37,1010,93,1010,807,0.45,184,1.79,100,1761746414,2,2099214,AD,1761719020,1761756686,3600,3041563,Andorra la Vella,200,2025-10-29T14:06:10.602Z,Andorre,Point,1.5167,42.5,163,
69021f526510058198b60900,1.5167,42.5,804,Clouds,overcast clouds,04d,stations,10.32,9.84,9.91,10.37,1010,93,1010,807,0.45,184,1.79,100,1761746414,2,2099214,AD,1761719020,1761756686,3600,3041563,Andorra la Vella,200,2025-10-29T14:06:10.638Z,Andorre-la-Vieille,Point,1.5167,42.5,163,
69021f526510058198b60902,1.5167,42.5,804,Clouds,overcast clouds,04d,stations,10.32,9.84,9.91,10.37,1010,93,1010,807,0.45,184,1.79,100,1761746414,2,2099214,AD,1761719020,1761756686,3600,3041563,Andorra la Vella,200,2025-10-29T14:06:10.698Z,Andorre-Vieille,Point,1.5167,42.5,163,
69021f526510058198b60904,1.5167,42.5667,804,Clouds,overcast clouds,04d,stations,7.2,7.2,6.79,7.25,1010,92,1010,803,0.45,184,1.79,100,1761746414,2,2099214,AD,1761719027,1761756679,3600,3039678,Ordino,200,2025-10-29T14:06:10.737Z,Ansalonga,Point,1.5167,42.5667,2450,
69021f526510058198b60906,1.5333,42.5333,804,Clouds,overcast clouds,04d,stations,7.28,7.28,6.86,7.32,1010,93,1010,805,0.45,184,1.79,100,1761746414,2,2099214,AD,1761719019,1761756678,3600,3040132,La Massana,200,2025-10-29T14:06:10.774Z,Anyós,Point,1.5333,42.5333,1293,
69021f526510058198b60908,1.5167,42.5833,804,Clouds,overcast clouds,04d,stations,7.64,7.64,7.27,7.73,1009,91,1009,802,0.45,184,1.79,100,1761746414,2,2099214,AD,1761719028,1761756677,3600,3039676,Ordino,200,2025-10-29T14:06:10.813Z,Arans,Point,1.5167,42.5833,3656,
69021f526510058198b6090a,1.4833,42.5667,804,Clouds,overcast clouds,04d,stations,5.91,5.91,5.5,5.96,1010,93,1010,806,0.45,184,1.79,100,1761746414,2,2099214,AD,1761719035,1761756687,3600,3041519,Arinsal,200,2025-10-29T14:06:10.874Z,Arinsal,Point,1.4833,42.5667,1818,
69021f526510058198b6090c,1.5,42.45,804,Clouds,overcast clouds,04d,stations,8.48,8.48,8.06,8.52,1010,93,1010,818,1.31,217,2.62,100,1761746414,2,2099214,AD,1761719019,1761756695,3600,3039163,Sant Julià de Lòria,200,2025-10-29T14:06:10.934Z,Aubinyà,Point,1.5,42.45,,
69021f526510058198b6090e,1.5,42.45,804,Clouds,overcast clouds,04d,stations,8.48,8.48,8.06,8.52,1010,93,1010,818,1.31,217,2.62,100,1761746414,2,2099214,AD,1761719019,1761756695,3600,3039163,Sant Julià de Lòria,200,2025-10-29T14:06:10.970Z,Auvinya,Point,1.5,42.45,,
69021f536510058198b60910,1.4667,42.4833,804,Clouds,overcast clouds,04d,stations,8.04,8.04,7.62,8.08,1010,93,1010,818,1.25,208,2.57,100,1761746413,2,2099214,AD,1761719030,1761756700,3600,3039162,Sant Julià de Loria,200,2025-10-29T14:06:11.034Z,Biçisarri,Point,1.4667,42.4833,,
69021f536510058198b60912,1.4667,42.4833,804,Clouds,overcast clouds,04d,stations,8.04,8.04,7.62,8.08,1010,93,1010,818,1.25,208,2.57,100,1761746413,2,2099214,AD,1761719030,1761756700,3600,3039162,Sant Julià de Loria,200,2025-10-29T14:06:11.093Z,Bixessarri,Point,1.4667,42.4833,,
69021f536510058198b60914,1.4667,42.4833,804,Clouds,overcast clouds,04d,stations,8.04,8.04,7.62,8.08,1010,93,1010,818,1.25,208,2.57,100,1761746413,2,2099214,AD,1761719030,1761756700,3600,3039162,Sant Julià de Loria,200,2025-10-29T14:06:11.150Z,Bixisarri,Point,1.4667,42.4833,,
69021f536510058198b60916,1.6,42.5667,804,Clouds,overcast clouds,04d,stations,6.86,6.86,6.62,7.08,1009,86,1009,799,0.45,184,1.79,100,1761746414,2,2100125,AD,1761719007,1761756659,3600,3041204,Canillo,200,2025-10-29T14:06:11.187Z,Canillo,Point,1.6,42.5667,3640,
69021f536510058198b60918,1.5667,42.5333,804,Clouds,overcast clouds,04d,stations,8.17,8.17,8.01,8.47,1010,86,1010,802,0.45,184,1.79,100,1761746414,2,2106053,AD,1761719011,1761756670,3600,3040686,Encamp,200,2025-10-29T14:06:11.223Z,Casas Vila,Point,1.5667,42.5333,1607,
69021f536510058198b6091a,1.5,42.4667,804,Clouds,overcast clouds,04d,stations,10.24,9.75,9.83,10.29,1010,93,1010,818,1.31,217,2.62,100,1761746413,2,2099214,AD,1761719020,1761756693,3600,3039163,Sant Julià de Lòria,200,2025-10-29T14:06:11.272Z,Certers,Point,1.5,42.4667,,
69021f536510058198b6091c,1.5,42.4667,804,Clouds,overcast clouds,04d,stations,10.24,9.75,9.83,10.29,1010,93,1010,818,1.31,217,2.62,100,1761746413,2,2099214,AD,1761719020,1761756693,3600,3039163,Sant Julià de Lòria,200,2025-10-29T14:06:11.309Z,Certés,Point,1.5,42.4667,,
69021f536510058198b6091e,1.5,42.4667,804,Clouds,overcast clouds,04d,stations,10.24,9.75,9.83,10.29,1010,93,1010,818,1.31,217,2.62,100,1761746413,2,2099214,AD,1761719020,1761756693,3600,3039163,Sant Julià de Lòria,200,2025-10-29T14:06:11.372Z,Eixirivall,Point,1.5,42.4667,,
69021f536510058198b60920,1.5167,42.55,804,Clouds,overcast clouds,04d,stations,8.4,8.4,7.99,8.45,1010,92,1010,805,0.45,184,1.79,100,1761746414,2,2099214,AD,1761719025,1761756681,3600,3040132,La Massana,200,2025-10-29T14:06:11.408Z,El Pui,Point,1.5167,42.55,1293,
69021f536510058198b60922,1.5833,42.5333,804,Clouds,overcast clouds,04d,stations,8.55,8.55,8.33,8.79,1010,86,1010,802,0.45,184,1.79,100,1761746415,2,2106053,AD,1761719007,1761756666,3600,3040686,Encamp,200,2025-10-29T14:06:11.444Z,Els Bons,Point,1.5833,42.5333,1607,
69021f536510058198b60924,1.55,42.6167,804,Clouds,overcast clouds,04d,stations,4.08,4.08,3.84,4.3,1009,86,1009,802,0.45,184,1.79,100,1761746415,2,2100125,AD,1761719024,1761756666,3600,3039676,Ordino,200,2025-10-29T14:06:11.483Z,El Serrat,Point,1.55,42.6167,6120,
69021f536510058198b60926,1.6333,42.5833,804,Clouds,overcast clouds,04d,stations,4.92,4.92,4.64,5.98,1009,88,1009,800,0.45,184,1.79,100,1761746415,2,2100125,AD,1761719000,1761756649,3600,3041203,Canillo,200,2025-10-29T14:06:11.523Z,Els Plans,Point,1.6333,42.5833,6923,
69021f536510058198b60928,1.65,42.5833,804,Clouds,overcast clouds,04d,stations,4.75,4.75,4.47,5.81,1009,88,1009,800,0.45,184,1.79,100,1761746415,2,2100125,AD,1761718996,1761756645,3600,3041203,Canillo,200,2025-10-29T14:06:11.572Z,El Tarter,Point,1.65,42.5833,6923,
69021f536510058198b6092a,1.5833,42.55,804,Clouds,overcast clouds,04d,stations,5.26,5.26,5.02,5.48,1010,86,1010,802,0.45,184,1.79,100,1761746415,2,2100125,AD,1761719009,1761756665,3600,3039819,Molleres,200,2025-10-29T14:06:11.612Z,El Tremat,Point,1.5833,42.55,1607,
69021f536510058198b6092c,1.6,42.5667,804,Clouds,overcast clouds,04d,stations,6.86,6.86,6.62,7.08,1009,86,1009,799,0.45,184,1.79,100,1761746414,2,2100125,AD,1761719007,1761756659,3600,3041204,Canillo,200,2025-10-29T14:06:11.667Z,El Vilar,Point,1.6,42.5667,3640,
69021f536510058198b6092e,1.5833,42.5333,804,Clouds,overcast clouds,04d,stations,8.55,8.55,8.33,8.79,1010,86,1010,802,0.45,184,1.79,100,1761746415,2,2106053,AD,1761719007,1761756666,3600,3040686,Encamp,200,2025-10-29T14:06:11.728Z,Encamp,Point,1.5833,42.5333,1607,
69021f536510058198b60930,1.55,42.5167,804,Clouds,overcast clouds,04d,stations,8.33,8.33,7.91,8.38,1010,93,1010,804,0.45,184,1.79,100,1761746415,2,2099214,AD,1761719014,1761756676,3600,3040051,Escaldes-Engordany,200,2025-10-29T14:06:11.765Z,Engordany,Point,1.55,42.5167,191,
69021f536510058198b60932,1.5,42.5667,804,Clouds,overcast clouds,04d,stations,6.26,6.26,5.85,6.31,1010,92,1010,806,0.45,184,1.79,100,1761746415,2,2099214,AD,1761719031,1761756683,3600,3040131,La Massana,200,2025-10-29T14:06:11.802Z,Ercs,Point,1.5,42.5667,1818,
69021f536510058198b60934,1.5,42.5667,804,Clouds,overcast clouds,04d,stations,6.26,6.26,5.85,6.31,1010,92,1010,806,0.45,184,1.79,100,1761746415,2,2099214,AD,1761719031,1761756683,3600,3040131,La Massana,200,2025-10-29T14:06:11.837Z,Ercz,Point,1.5,42.5667,1818,
69021f536510058198b60936,1.5,42.5667,804,Clouds,overcast clouds,04d,stations,6.26,6.26,5.85,6.31,1010,92,1010,806,0.45,184,1.79,100,1761746415,2,2099214,AD,1761719031,1761756683,3600,3040131,La Massana,200,2025-10-29T14:06:11.897Z,Erez,Point,1.5,42.5667,1818,
69021f536510058198b60938,1.5,42.5667,804,Clouds,overcast clouds,04d,stations,6.26,6.26,5.85,6.31,1010,92,1010,806,0.45,184,1.79,100,1761746415,2,2099214,AD,1761719031,1761756683,3600,3040131,La Massana,200,2025-10-29T14:06:11.929Z,Erts,Point,1.5,42.5667,1818,
69021f536510058198b6093a,1.5333,42.5,804,Clouds,overcast clouds,04d,stations,8.21,8.21,7.8,8.26,1010,93,1010,807,0.45,184,1.79,100,1761746415,2,2099214,AD,1761719016,1761756682,3600,3040051,Escaldes-Engordany,200,2025-10-29T14:06:11.962Z,Escaldas,Point,1.5333,42.5,163,
69021f536510058198b6093c,1.5333,42.5,804,Clouds,overcast clouds,04d,stations,8.21,8.21,7.8,8.26,1010,93,1010,807,0.45,184,1.79,100,1761746415,2,2099214,AD,1761719016,1761756682,3600,3040051,Escaldes-Engordany,200,2025-10-29T14:06:11.997Z,Escaldes,Point,1.5333,42.5,163,
69021f546510058198b6093e,1.5167,42.55,804,Clouds,overcast clouds,04d,stations,8.4,8.4,7.99,8.45,1010,92,1010,805,0.45,184,1.79,100,1761746414,2,2099214,AD,1761719025,1761756681,3600,3040132,La Massana,200,2025-10-29T14:06:12.031Z,Escàs,Point,1.5167,42.55,1293,
69021f546510058198b60940,1.4667,42.45,804,Clouds,overcast clouds,04d,stations,8.06,8.06,7.64,8.1,1010,93,1010,822,1.1,215,2.37,100,1761746415,2,2099214,ES,1761719027,1761756703,3600,6358963,les Valls de Valira,200,2025-10-29T14:06:12.066Z,Fontaneda,Point,1.4667,42.45,,
69021f546510058198b60942,1.5,42.4333,804,Clouds,overcast clouds,04d,stations,6.63,6.63,6.22,6.68,1010,93,1010,822,1.26,223,2.51,100,1761746415,2,2099214,ES,1761719017,1761756697,3600,3129784,Arcavell,200,2025-10-29T14:06:12.102Z,Juberri,Point,1.5,42.4333,,
69021f546510058198b60944,1.5,42.4333,804,Clouds,overcast clouds,04d,stations,6.63,6.63,6.22,6.68,1010,93,1010,822,1.26,223,2.51,100,1761746415,2,2099214,ES,1761719017,1761756697,3600,3129784,Arcavell,200,2025-10-29T14:06:12.136Z,Juverri,Point,1.5,42.4333,,
69021f546510058198b60946,1.5167,42.5667,804,Clouds,overcast clouds,04d,stations,7.2,7.2,6.79,7.25,1010,92,1010,803,0.45,184,1.79,100,1761746414,2,2099214,AD,1761719027,1761756679,3600,3039678,Ordino,200,2025-10-29T14:06:12.217Z,La Cortinada,Point,1.5167,42.5667,2450,
69021f546510058198b60948,1.6333,42.5833,804,Clouds,overcast clouds,04d,stations,4.92,4.92,4.64,5.98,1009,88,1009,800,0.45,184,1.79,100,1761746415,2,2100125,AD,1761719000,1761756649,3600,3041203,Canillo,200,2025-10-29T14:06:12.277Z,La Costa,Point,1.6333,42.5833,6923,
69021f546510058198b6094a,1.6333,42.5833,804,Clouds,overcast clouds,04d,stations,4.92,4.92,4.64,5.98,1009,88,1009,800,0.45,184,1.79,100,1761746415,2,2100125,AD,1761719000,1761756649,3600,3041203,Canillo,200,2025-10-29T14:06:12.332Z,L'Aldosa,Point,1.6333,42.5833,6923,
69021f546510058198b6094c,1.5167,42.55,804,Clouds,overcast clouds,04d,stations,8.4,8.4,7.99,8.45,1010,92,1010,805,0.45,184,1.79,100,1761746414,2,2099214,AD,1761719025,1761756681,3600,3040132,La Massana,200,2025-10-29T14:06:12.366Z,La Maçana,Point,1.5167,42.55,1293,
69021f546510058198b6094e,1.5167,42.55,804,Clouds,overcast clouds,04d,stations,8.4,8.4,7.99,8.45,1010,92,1010,805,0.45,184,1.79,100,1761746414,2,2099214,AD,1761719025,1761756681,3600,3040132,La Massana,200,2025-10-29T14:06:12.402Z,La Massana,Point,1.5167,42.55,1293,
69021f546510058198b60950,1.5333,42.5,804,Clouds,overcast clouds,04d,stations,8.21,8.21,7.8,8.26,1010,93,1010,807,0.45,184,1.79,100,1761746415,2,2099214,AD,1761719016,1761756682,3600,3040051,Escaldes-Engordany,200,2025-10-29T14:06:12.441Z,Las Escadas,Point,1.5333,42.5,163,
69021f546510058198b60952,1.5167,42.5,804,Clouds,overcast clouds,04d,stations,10.32,9.84,9.91,10.37,1010,93,1010,807,0.45,184,1.79,100,1761746414,2,2099214,AD,1761719020,1761756686,3600,3041563,Andorra la Vella,200,2025-10-29T14:06:12.474Z,la Vieja,Point,1.5167,42.5,163,
69021f546510058198b60954,1.5833,42.5333,804,Clouds,overcast clouds,04d,stations,8.55,8.55,8.33,8.79,1010,86,1010,802,0.45,184,1.79,100,1761746415,2,2106053,AD,1761719007,1761756666,3600,3040686,Encamp,200,2025-10-29T14:06:12.510Z,Les Bons,Point,1.5833,42.5333,1607,
69021f546510058198b60956,1.5333,42.5,804,Clouds,overcast clouds,04d,stations,8.21,8.21,7.8,8.26,1010,93,1010,807,0.45,184,1.79,100,1761746415,2,2099214,AD,1761719016,1761756682,3600,3040051,Escaldes-Engordany,200,2025-10-29T14:06:12.546Z,Les Escaldes,Point,1.5333,42.5,163,
69021f546510058198b60958,1.5333,42.6,804,Clouds,overcast clouds,04d,stations,7.29,7.29,7.06,7.52,1009,86,1009,802,0.45,184,1.79,100,1761746416,2,2100125,AD,1761719026,1761756671,3600,3039676,Ordino,200,2025-10-29T14:06:12.582Z,Llors,Point,1.5333,42.6,3656,
69021f546510058198b6095a,1.5333,42.6,804,Clouds,overcast clouds,04d,stations,7.29,7.29,7.06,7.52,1009,86,1009,802,0.45,184,1.79,100,1761746416,2,2100125,AD,1761719026,1761756671,3600,3039676,Ordino,200,2025-10-29T14:06:12.619Z,Llorta,Point,1.5333,42.6,3656,
69021f546510058198b6095c,1.5333,42.6,804,Clouds,overcast clouds,04d,stations,7.29,7.29,7.06,7.52,1009,86,1009,802,0.45,184,1.79,100,1761746416,2,2100125,AD,1761719026,1761756671,3600,3039676,Ordino,200,2025-10-29T14:06:12.673Z,Llorts,Point,1.5333,42.6,3656,
69021f546510058198b6095e,1.5167,42.4667,804,Clouds,overcast clouds,04d,stations,7.41,7.41,7,7.46,1010,93,1010,814,0.45,184,1.79,100,1761746416,2,2099214,AD,1761719016,1761756689,3600,3039163,Sant Julià de Lòria,200,2025-10-29T14:06:12.712Z,Llumeneres,Point,1.5167,42.4667,,
69021f546510058198b60960,1.5333,42.6,804,Clouds,overcast clouds,04d,stations,7.29,7.29,7.06,7.52,1009,86,1009,802,0.45,184,1.79,100,1761746416,2,2100125,AD,1761719026,1761756671,3600,3039676,Ordino,200,2025-10-29T14:06:12.747Z,Lors,Point,1.5333,42.6,3656,
69021f546510058198b60962,1.55,42.6167,804,Clouds,overcast clouds,04d,stations,4.08,4.08,3.84,4.3,1009,86,1009,802,0.45,184,1.79,100,1761746415,2,2100125,AD,1761719024,1761756666,3600,3039676,Ordino,200,2025-10-29T14:06:12.782Z,Lo Serrat,Point,1.55,42.6167,6120,
69021f546510058198b60964,1.45,42.4333,804,Clouds,overcast clouds,04d,stations,9.87,9.87,9.45,9.91,1010,93,1010,826,1.04,224,2.25,100,1761746416,2,2099214,ES,1761719029,1761756709,3600,6358963,les Valls de Valira,200,2025-10-29T14:06:12.818Z,Mas d'Alins,Point,1.45,42.4333,,
69021f546510058198b60966,1.4833,42.5667,804,Clouds,overcast clouds,04d,stations,5.91,5.91,5.5,5.96,1010,93,1010,806,0.45,184,1.79,100,1761746414,2,2099214,AD,1761719035,1761756687,3600,3041519,Arinsal,200,2025-10-29T14:06:12.851Z,Mas de Ribafeta,Point,1.4833,42.5667,1818,
69021f546510058198b60968,1.6,42.55,804,Clouds,overcast clouds,04d,stations,4.3,4.3,4.06,4.52,1010,86,1010,800,0.45,184,1.79,100,1761746416,2,2100125,AD,1761719005,1761756661,3600,3039819,Molleres,200,2025-10-29T14:06:12.909Z,Meritxell,Point,1.6,42.55,1905,
69021f546510058198b6096a,1.5833,42.55,804,Clouds,overcast clouds,04d,stations,5.26,5.26,5.02,5.48,1010,86,1010,802,0.45,184,1.79,100,1761746415,2,2100125,AD,1761719009,1761756665,3600,3039819,Molleres,200,2025-10-29T14:06:12.955Z,Molleres,Point,1.5833,42.55,1607,
69021f546510058198b6096c,1.5833,42.55,804,Clouds,overcast clouds,04d,stations,5.26,5.26,5.02,5.48,1010,86,1010,802,0.45,184,1.79,100,1761746415,2,2100125,AD,1761719009,1761756665,3600,3039819,Molleres,200,2025-10-29T14:06:12.985Z,Mosquera,Point,1.5833,42.55,1607,
69021f556510058198b6096e,1.5,42.4667,804,Clouds,overcast clouds,04d,stations,10.24,9.75,9.83,10.29,1010,93,1010,818,1.31,217,2.62,100,1761746413,2,2099214,AD,1761719020,1761756693,3600,3039163,Sant Julià de Lòria,200,2025-10-29T14:06:13.034Z,Nagol,Point,1.5,42.4667,,
69021f556510058198b60970,1.5333,42.55,804,Clouds,overcast clouds,04d,stations,8.03,8.03,7.62,8.08,1010,92,1010,805,0.45,184,1.79,100,1761746416,2,2099214,AD,1761719021,1761756677,3600,3039678,Ordino,200,2025-10-29T14:06:13.070Z,Ordino,Point,1.5333,42.55,1293,
69021f556510058198b60972,1.4833,42.55,804,Clouds,overcast clouds,04d,stations,7.06,7.06,6.64,7.1,1010,93,1010,808,0.45,184,1.79,100,1761746416,2,2099214,AD,1761719033,1761756689,3600,3040131,La Massana,200,2025-10-29T14:06:13.107Z,Pal,Point,1.4833,42.55,967,
69021f556510058198b60974,1.7333,42.55,804,Clouds,overcast clouds,04d,stations,3.43,1.14,3.16,4.5,1009,88,1009,798,2.39,213,3.5,100,1761746416,2,2100125,AD,1761718973,1761756629,3600,3039604,Pas de la Casa,200,2025-10-29T14:06:13.147Z,Pas de la Casa,Point,1.7333,42.55,2460,
69021f556510058198b60976,1.6,42.5667,804,Clouds,overcast clouds,04d,stations,6.86,6.86,6.62,7.08,1009,86,1009,799,0.45,184,1.79,100,1761746414,2,2100125,AD,1761719007,1761756659,3600,3041204,Canillo,200,2025-10-29T14:06:13.181Z,Prats,Point,1.6,42.5667,3640,
69021f556510058198b60978,1.5,42.5667,804,Clouds,overcast clouds,04d,stations,6.26,6.26,5.85,6.31,1010,92,1010,806,0.45,184,1.79,100,1761746415,2,2099214,AD,1761719031,1761756683,3600,3040131,La Massana,200,2025-10-29T14:06:13.232Z,Puiol del Piu,Point,1.5,42.5667,1818,
69021f556510058198b6097a,1.6333,42.5833,804,Clouds,overcast clouds,04d,stations,4.92,4.92,4.64,5.98,1009,88,1009,800,0.45,184,1.79,100,1761746415,2,2100125,AD,1761719000,1761756649,3600,3041203,Canillo,200,2025-10-29T14:06:13.268Z,Ransol,Point,1.6333,42.5833,6923,
69021f556510058198b6097c,1.6,42.55,804,Clouds,overcast clouds,04d,stations,4.3,4.3,4.06,4.52,1010,86,1010,800,0.45,184,1.79,100,1761746416,2,2100125,AD,1761719005,1761756661,3600,3039819,Molleres,200,2025-10-29T14:06:13.311Z,Sanctuaire de Meritxeli,Point,1.6,42.55,1905,
69021f556510058198b6097e,1.6,42.55,804,Clouds,overcast clouds,04d,stations,4.3,4.3,4.06,4.52,1010,86,1010,800,0.45,184,1.79,100,1761746416,2,2100125,AD,1761719005,1761756661,3600,3039819,Molleres,200,2025-10-29T14:06:13.353Z,Sanctuaire de Meritxell,Point,1.6,42.55,1905,
69021f556510058198b60980,1.6167,42.5667,804,Clouds,overcast clouds,04d,stations,4.49,4.49,4.25,4.71,1009,86,1009,799,0.45,184,1.79,100,1761746417,2,2100125,AD,1761719003,1761756655,3600,3041204,Canillo,200,2025-10-29T14:06:13.409Z,San Joan de Casettas,Point,1.6167,42.5667,3640,
69021f556510058198b60982,1.5,42.4667,804,Clouds,overcast clouds,04d,stations,10.24,9.75,9.83,10.29,1010,93,1010,818,1.31,217,2.62,100,1761746413,2,2099214,AD,1761719020,1761756693,3600,3039163,Sant Julià de Lòria,200,2025-10-29T14:06:13.444Z,San Juliá,Point,1.5,42.4667,,
69021f556510058198b60984,1.5,42.5,804,Clouds,overcast clouds,04d,stations,9.87,9.87,9.46,9.92,1010,93,1010,811,0.45,184,1.79,100,1761746417,2,2099214,AD,1761719024,1761756690,3600,3041565,Andorra,200,2025-10-29T14:06:13.475Z,Santa Coloma,Point,1.5,42.5,155,
69021f556510058198b60986,1.5,42.4667,804,Clouds,overcast clouds,04d,stations,10.24,9.75,9.83,10.29,1010,93,1010,818,1.31,217,2.62,100,1761746413,2,2099214,AD,1761719020,1761756693,3600,3039163,Sant Julià de Lòria,200,2025-10-29T14:06:13.507Z,Santa Juliá de Loria,Point,1.5,42.4667,,
69021f556510058198b60988,1.6167,42.5667,804,Clouds,overcast clouds,04d,stations,4.49,4.49,4.25,4.71,1009,86,1009,799,0.45,184,1.79,100,1761746417,2,2100125,AD,1761719003,1761756655,3600,3041204,Canillo,200,2025-10-29T14:06:13.545Z,Sant Joan de Casellas,Point,1.6167,42.5667,3640,
69021f556510058198b6098a,1.6167,42.5667,804,Clouds,overcast clouds,04d,stations,4.49,4.49,4.25,4.71,1009,86,1009,799,0.45,184,1.79,100,1761746417,2,2100125,AD,1761719003,1761756655,3600,3041204,Canillo,200,2025-10-29T14:06:13.609Z,Sant Joan de Caselles,Point,1.6167,42.5667,3640,
69021f556510058198b6098c,1.5,42.4667,804,Clouds,overcast clouds,04d,stations,10.24,9.75,9.83,10.29,1010,93,1010,818,1.31,217,2.62,100,1761746413,2,2099214,AD,1761719020,1761756693,3600,3039163,Sant Julià de Lòria,200,2025-10-29T14:06:13.646Z,Sant Julià de Lòria,Point,1.5,42.4667,,
69021f556510058198b6098e,1.5,42.4667,804,Clouds,overcast clouds,04d,stations,10.24,9.75,9.83,10.29,1010,93,1010,818,1.31,217,2.62,100,1761746413,2,2099214,AD,1761719020,1761756693,3600,3039163,Sant Julià de Lòria,200,2025-10-29T14:06:13.702Z,Sant Juliá,Point,1.5,42.4667,,
69021f556510058198b60990,1.65,42.5833,804,Clouds,overcast clouds,04d,stations,4.75,4.75,4.47,5.81,1009,88,1009,800,0.45,184,1.79,100,1761746415,2,2100125,AD,1761718996,1761756645,3600,3041203,Canillo,200,2025-10-29T14:06:13.739Z,Sant Pere,Point,1.65,42.5833,6923,
69021f556510058198b60992,1.6,42.55,804,Clouds,overcast clouds,04d,stations,4.3,4.3,4.06,4.52,1010,86,1010,800,0.45,184,1.79,100,1761746416,2,2100125,AD,1761719005,1761756661,3600,3039819,Molleres,200,2025-10-29T14:06:13.793Z,Santuari de Meritxell,Point,1.6,42.55,1905,
69021f556510058198b60994,1.5333,42.55,804,Clouds,overcast clouds,04d,stations,8.03,8.03,7.62,8.08,1010,92,1010,805,0.45,184,1.79,100,1761746416,2,2099214,AD,1761719021,1761756677,3600,3039678,Ordino,200,2025-10-29T14:06:13.837Z,Segudet,Point,1.5333,42.55,1293,
69021f556510058198b60996,1.5,42.4667,804,Clouds,overcast clouds,04d,stations,10.24,9.75,9.83,10.29,1010,93,1010,818,1.31,217,2.62,100,1761746413,2,2099214,AD,1761719020,1761756693,3600,3039163,Sant Julià de Lòria,200,2025-10-29T14:06:13.877Z,Sertes,Point,1.5,42.4667,,
69021f556510058198b60998,1.5167,42.5333,804,Clouds,overcast clouds,04d,stations,8.69,8.69,8.27,8.73,1010,93,1010,805,0.45,184,1.79,100,1761746417,2,2099214,AD,1761719023,1761756682,3600,3040132,La Massana,200,2025-10-29T14:06:13.917Z,Sispony,Point,1.5167,42.5333,1293,
69021f556510058198b6099a,1.6667,42.5833,804,Clouds,overcast clouds,04d,stations,5.09,5.09,4.81,6.15,1009,88,1009,801,0.45,184,1.79,100,1761746417,2,2100125,AD,1761718992,1761756641,3600,3041203,Canillo,200,2025-10-29T14:06:13.958Z,Soldeu,Point,1.6667,42.5833,7421,
69021f556510058198b6099c,1.5333,42.5667,804,Clouds,overcast clouds,04d,stations,6.95,6.95,6.76,7.22,1010,89,1010,803,0.45,184,1.79,100,1761746417,2,2106053,AD,1761719023,1761756675,3600,3039678,Ordino,200,2025-10-29T14:06:13.997Z,Sornàs,Point,1.5333,42.5667,2450,
69021f566510058198b6099e,1.5667,42.5333,804,Clouds,overcast clouds,04d,stations,8.17,8.17,8.01,8.47,1010,86,1010,802,0.45,184,1.79,100,1761746414,2,2106053,AD,1761719011,1761756670,3600,3040686,Encamp,200,2025-10-29T14:06:14.034Z,Vila,Point,1.5667,42.5333,1607,
69021f566510058198b609a0,1.4667,42.4833,804,Clouds,overcast clouds,04d,stations,8.04,8.04,7.62,8.08,1010,93,1010,818,1.25,208,2.57,100,1761746413,2,2099214,AD,1761719030,1761756700,3600,3039162,Sant Julià de Loria,200,2025-10-29T14:06:14.070Z,Vixesarri,Point,1.4667,42.4833,,
69021f566510058198b609a2,1.4833,42.55,804,Clouds,overcast clouds,04d,stations,7.06,7.06,6.64,7.1,1010,93,1010,808,0.45,184,1.79,100,1761746416,2,2099214,AD,1761719033,1761756689,3600,3040131,La Massana,200,2025-10-29T14:06:14.118Z,Xixerella,Point,1.4833,42.55,967,
69021f566510058198b609a4,54.3717,24.4692,800,Clear,clear sky,01n,stations,31.27,34.42,30.95,31.59,1010,56,1010,1010,4.63,330,,0,1761746400,2,2032466,AE,1761704842,1761745494,14400,292968,Abu Dhabi,200,2025-10-29T14:06:14.154Z,Abu Dabi,Point,54.3717,24.4692,10000,
69021f566510058198b609a6,54.3717,24.4692,800,Clear,clear sky,01n,stations,31.27,34.42,30.95,31.59,1010,56,1010,1010,4.63,330,,0,1761746400,2,2032466,AE,1761704842,1761745494,14400,292968,Abu Dhabi,200,2025-10-29T14:06:14.189Z,Abu Dhabi,Point,54.3717,24.4692,10000,
69021f566510058198b609a8,55.3296,25.2855,800,Clear,clear sky,01n,stations,31.99,34.59,31.17,31.99,1009,51,1009,1009,6.69,310,,0,1761746417,1,7537,AE,1761704668,1761745208,14400,292223,Dubai,200,2025-10-29T14:06:14.224Z,Abu Hail,Point,55.3296,25.2855,10000,
69021f566510058198b609aa,54.3717,24.4692,800,Clear,clear sky,01n,stations,31.27,34.42,30.95,31.59,1010,56,1010,1010,4.63,330,,0,1761746400,2,2032466,AE,1761704842,1761745494,14400,292968,Abu Dhabi,200,2025-10-29T14:06:14.259Z,Abu Zabi,Point,54.3717,24.4692,10000,
69021f566510058198b609ac,54.3717,24.4692,800,Clear,clear sky,01n,stations,31.27,34.42,30.95,31.59,1010,56,1010,1010,4.63,330,,0,1761746400,2,2032466,AE,1761704842,1761745494,14400,292968,Abu Dhabi,200,2025-10-29T14:06:14.296Z,Abu Zabye,Point,54.3717,24.4692,10000,
69021f566510058198b609ae,54.3717,24.4692,800,Clear,clear sky,01n,stations,31.27,34.42,30.95,31.59,1010,56,1010,1010,4.63,330,,0,1761746400,2,2032466,AE,1761704842,1761745494,14400,292968,Abu Dhabi,200,2025-10-29T14:06:14.328Z,Abu Zabyo,Point,54.3717,24.4692,10000,
69021f566510058198b609b0,55.9333,25.7833,800,Clear,clear sky,01n,stations,32.11,32.44,32.11,32.11,1010,40,1010,1002,5.66,330,,0,1761746418,1,7544,AE,1761704557,1761745029,14400,291074,Ras al-Khaimah,200,2025-10-29T14:06:14.364Z,Ad Dharbaniya,Point,55.9333,25.7833,10000,
69021f566510058198b609b2,56.3583,25.4987,800,Clear,clear sky,01n,stations,28.94,28.55,28.94,28.94,1009,40,1009,987,0.83,188,0.45,0,1761746418,,,AE,1761704436,1761744947,14400,292239,Dibba Al-Hisn,200,2025-10-29T14:06:14.401Z,Adgat,Point,56.3583,25.4987,10000,
69021f566510058198b609b4,55.8816,25.2881,800,Clear,clear sky,01n,stations,30.18,30.7,30.18,30.18,1010,46,1010,992,5.71,327,7.87,0,1761746235,,,AE,1761704535,1761745076,14400,292953,Adh Dhayd,200,2025-10-29T14:06:14.440Z,Adh Dhaid,Point,55.8816,25.2881,10000,
6902278f265b108ca31342dc,1.4667,42.4833,804,Clouds,overcast clouds,04d,stations,8.59,8.59,7.62,8.6,1009,94,1009,818,1.31,177,2.81,100,1761748882,2,2099214,AD,1761719030,1761756700,3600,3039162,Sant Julià de Loria,200,2025-10-29T14:41:19.419Z,Aixàs,Point,1.4667,42.4833,,
69022790265b108ca31342de,1.5,42.4667,804,Clouds,overcast clouds,04d,stations,10.8,10.39,9.83,10.8,1009,94,1009,817,1.19,185,2.77,100,1761748884,2,2099214,AD,1761719020,1761756693,3600,3039163,Sant Julià de Lòria,200,2025-10-29T14:41:20.922Z,Aixirivali,Point,1.5,42.4667,,
69022792265b108ca31342e0,1.5,42.4667,804,Clouds,overcast clouds,04d,stations,10.8,10.39,9.83,10.8,1009,94,1009,817,1.19,185,2.77,100,1761748884,2,2099214,AD,1761719020,1761756693,3600,3039163,Sant Julià de Lòria,200,2025-10-29T14:41:22.436Z,Aixirivall,Point,1.5,42.4667,,
69022793265b108ca31342e2,1.5,42.4667,804,Clouds,overcast clouds,04d,stations,10.8,10.39,9.83,10.8,1009,94,1009,817,1.19,185,2.77,100,1761748884,2,2099214,AD,1761719020,1761756693,3600,3039163,Sant Julià de Lòria,200,2025-10-29T14:41:23.970Z,Aixirvall,Point,1.5,42.4667,,
69022795265b108ca31342e4,1.4833,42.4667,804,Clouds,overcast clouds,04d,stations,8.85,8.85,7.88,8.86,1009,94,1009,817,1.19,185,2.77,100,1761748888,2,2099214,AD,1761719024,1761756697,3600,3039162,Sant Julià de Loria,200,2025-10-29T14:41:25.452Z,Aixovall,Point,1.4833,42.4667,,
69022797265b108ca31342e6,1.5167,42.5,804,Clouds,overcast clouds,04d,stations,10.88,10.48,9.91,10.88,1009,94,1009,807,0.45,184,1.79,100,1761748890,2,2099214,AD,1761719020,1761756686,3600,3041563,Andorra la Vella,200,2025-10-29T14:41:27.029Z,Andorra,Point,1.5167,42.5,95,
69022799265b108ca31342e8,1.5167,42.5,804,Clouds,overcast clouds,04d,stations,10.88,10.48,9.91,10.88,1009,94,1009,807,0.45,184,1.79,100,1761748890,2,2099214,AD,1761719020,1761756686,3600,3041563,Andorra la Vella,200,2025-10-29T14:41:29.381Z,Andorra la Vella,Point,1.5167,42.5,95,
6902279a265b108ca31342ea,1.5167,42.5,804,Clouds,overcast clouds,04d,stations,10.88,10.48,9.91,10.88,1009,94,1009,807,0.45,184,1.79,100,1761748890,2,2099214,AD,1761719020,1761756686,3600,3041563,Andorra la Vella,200,2025-10-29T14:41:30.881Z,Andorra-Vieille,Point,1.5167,42.5,95,
6902279c265b108ca31342ec,1.5167,42.5,804,Clouds,overcast clouds,04d,stations,10.88,10.48,9.91,10.88,1009,94,1009,807,0.45,184,1.79,100,1761748890,2,2099214,AD,1761719020,1761756686,3600,3041563,Andorra la Vella,200,2025-10-29T14:41:32.422Z,Andorre,Point,1.5167,42.5,95,
6902279c265b108ca31342ee,1.5167,42.5,804,Clouds,overcast clouds,04d,stations,10.88,10.48,9.91,10.88,1009,94,1009,807,0.45,184,1.79,100,1761748890,2,2099214,AD,1761719020,1761756686,3600,3041563,Andorra la Vella,200,2025-10-29T14:41:32.681Z,Andorre-la-Vieille,Point,1.5167,42.5,95,
6902279f265b108ca31342f0,1.5167,42.5,804,Clouds,overcast clouds,04d,stations,10.88,10.48,9.91,10.88,1009,94,1009,807,0.45,184,1.79,100,1761748890,2,2099214,AD,1761719020,1761756686,3600,3041563,Andorra la Vella,200,2025-10-29T14:41:35.480Z,Andorre-Vieille,Point,1.5167,42.5,95,
690227a2265b108ca31342f2,1.5167,42.5667,804,Clouds,overcast clouds,04d,stations,7.75,7.75,6.79,7.77,1009,93,1009,803,0.45,184,1.79,100,1761748901,2,2099214,AD,1761719027,1761756679,3600,3039678,Ordino,200,2025-10-29T14:41:38.015Z,Ansalonga,Point,1.5167,42.5667,2130,
690227a2265b108ca31342f4,1.5333,42.5333,804,Clouds,overcast clouds,04d,stations,7.83,7.83,6.86,7.84,1009,93,1009,805,0.45,184,1.79,100,1761748901,2,2099214,AD,1761719019,1761756678,3600,3040132,La Massana,200,2025-10-29T14:41:38.282Z,Anyós,Point,1.5333,42.5333,1116,
690227a3265b108ca31342f6,1.5167,42.5833,804,Clouds,overcast clouds,04d,stations,8.14,8.14,7.27,8.25,1009,92,1009,802,0.45,184,1.79,100,1761748903,2,2099214,AD,1761719028,1761756677,3600,3039676,Ordino,200,2025-10-29T14:41:39.784Z,Arans,Point,1.5167,42.5833,3170,
690227a5265b108ca31342f8,1.4833,42.5667,804,Clouds,overcast clouds,04d,stations,6.47,6.47,5.5,6.48,1009,93,1009,806,0.45,184,1.79,100,1761748904,2,2099214,AD,1761719035,1761756687,3600,3040131,La Massana,200,2025-10-29T14:41:41.333Z,Arinsal,Point,1.4833,42.5667,1538,
690227a7265b108ca31342fa,1.5,42.45,804,Clouds,overcast clouds,04d,stations,9.04,9.04,8.06,9.04,1009,94,1009,817,1.19,185,2.77,100,1761748906,2,2099214,AD,1761719019,1761756695,3600,3039163,Sant Julià de Lòria,200,2025-10-29T14:41:43.020Z,Aubinyà,Point,1.5,42.45,,
690227a8265b108ca31342fc,1.5,42.45,804,Clouds,overcast clouds,04d,stations,9.04,9.04,8.06,9.04,1009,94,1009,817,1.19,185,2.77,100,1761748906,2,2099214,AD,1761719019,1761756695,3600,3039163,Sant Julià de Lòria,200,2025-10-29T14:41:44.545Z,Auvinya,Point,1.5,42.45,,
690227a8265b108ca31342fe,1.4667,42.4833,804,Clouds,overcast clouds,04d,stations,8.59,8.59,7.62,8.6,1009,94,1009,818,1.31,177,2.81,100,1761748908,2,2099214,AD,1761719030,1761756700,3600,3039162,Sant Julià de Loria,200,2025-10-29T14:41:44.821Z,Biçisarri,Point,1.4667,42.4833,,
690227aa265b108ca3134300,1.4667,42.4833,804,Clouds,overcast clouds,04d,stations,8.59,8.59,7.62,8.6,1009,94,1009,818,1.31,177,2.81,100,1761748908,2,2099214,AD,1761719030,1761756700,3600,3039162,Sant Julià de Loria,200,2025-10-29T14:41:46.362Z,Bixessarri,Point,1.4667,42.4833,,
690227ab265b108ca3134302,1.4667,42.4833,804,Clouds,overcast clouds,04d,stations,8.59,8.59,7.62,8.6,1009,94,1009,818,1.31,177,2.81,100,1761748908,2,2099214,AD,1761719030,1761756700,3600,3039162,Sant Julià de Loria,200,2025-10-29T14:41:47.887Z,Bixisarri,Point,1.4667,42.4833,,
690227af265b108ca3134304,1.6,42.5667,804,Clouds,overcast clouds,04d,stations,6.86,6.86,6.62,7.59,1009,86,1009,799,0.45,184,1.79,99,1761748915,2,2100125,AD,1761719007,1761756659,3600,3041204,Canillo,200,2025-10-29T14:41:51.746Z,Canillo,Point,1.6,42.5667,3153,
690227b1265b108ca3134306,1.5667,42.5333,804,Clouds,overcast clouds,04d,stations,8.17,8.17,8.01,8.98,1009,86,1009,802,0.45,184,1.79,100,1761748916,2,2106053,AD,1761719011,1761756670,3600,3040686,Encamp,200,2025-10-29T14:41:53.356Z,Casas Vila,Point,1.5667,42.5333,1378,
690227b2265b108ca3134308,1.5,42.4667,804,Clouds,overcast clouds,04d,stations,10.8,10.39,9.83,10.8,1009,94,1009,817,1.19,185,2.77,100,1761748884,2,2099214,AD,1761719020,1761756693,3600,3039163,Sant Julià de Lòria,200,2025-10-29T14:41:54.866Z,Certers,Point,1.5,42.4667,,
690227b5265b108ca313430a,1.5,42.4667,804,Clouds,overcast clouds,04d,stations,10.8,10.39,9.83,10.8,1009,94,1009,817,1.19,185,2.77,100,1761748884,2,2099214,AD,1761719020,1761756693,3600,3039163,Sant Julià de Lòria,200,2025-10-29T14:41:57.350Z,Certés,Point,1.5,42.4667,,
690227b6265b108ca313430c,1.5,42.4667,804,Clouds,overcast clouds,04d,stations,10.8,10.39,9.83,10.8,1009,94,1009,817,1.19,185,2.77,100,1761748884,2,2099214,AD,1761719020,1761756693,3600,3039163,Sant Julià de Lòria,200,2025-10-29T14:41:58.974Z,Eixirivall,Point,1.5,42.4667,,
690227b9265b108ca313430e,1.5167,42.55,804,Clouds,overcast clouds,04d,stations,8.95,8.95,7.99,8.96,1009,93,1009,805,0.45,184,1.79,100,1761748924,2,2099214,AD,1761719025,1761756681,3600,3040132,La Massana,200,2025-10-29T14:42:01.182Z,El Pui,Point,1.5167,42.55,1116,
690227bb265b108ca3134310,1.5833,42.5333,804,Clouds,overcast clouds,04d,stations,8.55,8.55,8.33,9.31,1009,86,1009,802,0.45,184,1.79,100,1761748926,2,2106053,AD,1761719007,1761756666,3600,3040686,Encamp,200,2025-10-29T14:42:03.295Z,Els Bons,Point,1.5833,42.5333,1378,
690227be265b108ca3134312,1.55,42.6167,804,Clouds,overcast clouds,04d,stations,4.08,4.08,3.84,4.81,1009,86,1009,801,0.45,184,1.79,99,1761748929,2,2100125,AD,1761719024,1761756666,3600,3039676,Ordino,200,2025-10-29T14:42:06.061Z,El Serrat,Point,1.55,42.6167,5384,
690227bf265b108ca3134314,1.6333,42.5833,804,Clouds,overcast clouds,04d,stations,5.07,5.07,4.64,6.53,1009,88,1009,800,0.45,184,1.79,98,1761748930,2,2100125,AD,1761719000,1761756649,3600,3041203,Canillo,200,2025-10-29T14:42:07.609Z,Els Plans,Point,1.6333,42.5833,6082,
690227c1265b108ca3134316,1.65,42.5833,500,Rain,light rain,10d,stations,4.9,4.9,4.47,6.36,1009,88,1009,800,0.45,184,1.79,98,1761748932,2,2100125,AD,1761718996,1761756645,3600,3041203,Canillo,200,2025-10-29T14:42:09.005Z,El Tarter,Point,1.65,42.5833,6082,0.12
690227c1265b108ca3134318,1.5833,42.55,804,Clouds,overcast clouds,04d,stations,5.26,5.26,5.02,6,1009,86,1009,802,0.45,184,1.79,100,1761748932,2,2100125,AD,1761719009,1761756665,3600,3039819,Molleres,200,2025-10-29T14:42:09.288Z,El Tremat,Point,1.5833,42.55,1378,
690227c2265b108ca313431a,1.6,42.5667,804,Clouds,overcast clouds,04d,stations,6.86,6.86,6.62,7.59,1009,86,1009,799,0.45,184,1.79,99,1761748915,2,2100125,AD,1761719007,1761756659,3600,3041204,Canillo,200,2025-10-29T14:42:10.615Z,El Vilar,Point,1.6,42.5667,3153,
690227c4265b108ca313431c,1.5833,42.5333,804,Clouds,overcast clouds,04d,stations,8.55,8.55,8.33,9.31,1009,86,1009,802,0.45,184,1.79,100,1761748926,2,2106053,AD,1761719007,1761756666,3600,3040686,Encamp,200,2025-10-29T14:42:12.149Z,Encamp,Point,1.5833,42.5333,1378,
690227c6265b108ca313431e,1.55,42.5167,804,Clouds,overcast clouds,04d,stations,8.89,8.89,7.91,8.89,1009,94,1009,804,0.45,184,1.79,100,1761748937,2,2099214,AD,1761719014,1761756676,3600,3040051,Escaldes-Engordany,200,2025-10-29T14:42:14.326Z,Engordany,Point,1.55,42.5167,106,
690227c6265b108ca3134320,1.5,42.5667,804,Clouds,overcast clouds,04d,stations,6.82,6.82,5.85,6.83,1009,93,1009,806,0.45,184,1.79,100,1761748937,2,2099214,AD,1761719031,1761756683,3600,3040131,La Massana,200,2025-10-29T14:42:14.633Z,Ercs,Point,1.5,42.5667,1538,
690227c6265b108ca3134322,1.5,42.5667,804,Clouds,overcast clouds,04d,stations,6.82,6.82,5.85,6.83,1009,93,1009,806,0.45,184,1.79,100,1761748937,2,2099214,AD,1761719031,1761756683,3600,3040131,La Massana,200,2025-10-29T14:42:14.889Z,Ercz,Point,1.5,42.5667,1538,
690227c7265b108ca3134324,1.5,42.5667,804,Clouds,overcast clouds,04d,stations,6.82,6.82,5.85,6.83,1009,93,1009,806,0.45,184,1.79,100,1761748937,2,2099214,AD,1761719031,1761756683,3600,3040131,La Massana,200,2025-10-29T14:42:15.148Z,Erez,Point,1.5,42.5667,1538,
690227c7265b108ca3134326,1.5,42.5667,804,Clouds,overcast clouds,04d,stations,6.82,6.82,5.85,6.83,1009,93,1009,806,0.45,184,1.79,100,1761748937,2,2099214,AD,1761719031,1761756683,3600,3040131,La Massana,200,2025-10-29T14:42:15.401Z,Erts,Point,1.5,42.5667,1538,
690227c7265b108ca3134328,1.5333,42.5,804,Clouds,overcast clouds,04d,stations,8.77,8.77,7.8,8.77,1009,94,1009,807,0.45,184,1.79,100,1761748938,2,2099214,AD,1761719016,1761756682,3600,3040051,Escaldes-Engordany,200,2025-10-29T14:42:15.672Z,Escaldas,Point,1.5333,42.5,95,
690227c9265b108ca313432a,1.5333,42.5,804,Clouds,overcast clouds,04d,stations,8.77,8.77,7.8,8.77,1009,94,1009,807,0.45,184,1.79,100,1761748938,2,2099214,AD,1761719016,1761756682,3600,3040051,Escaldes-Engordany,200,2025-10-29T14:42:17.181Z,Escaldes,Point,1.5333,42.5,95,
690227ca265b108ca313432c,1.5167,42.55,804,Clouds,overcast clouds,04d,stations,8.95,8.95,7.99,8.96,1009,93,1009,805,0.45,184,1.79,100,1761748924,2,2099214,AD,1761719025,1761756681,3600,3040132,La Massana,200,2025-10-29T14:42:18.652Z,Escàs,Point,1.5167,42.55,1116,
690227cc265b108ca313432e,1.4667,42.45,804,Clouds,overcast clouds,04d,stations,8.61,8.61,7.64,8.62,1009,94,1009,821,1.04,175,2.53,100,1761748943,2,2099214,ES,1761719027,1761756703,3600,6358963,les Valls de Valira,200,2025-10-29T14:42:20.164Z,Fontaneda,Point,1.4667,42.45,,
690227cc265b108ca3134330,1.5,42.4333,804,Clouds,overcast clouds,04d,stations,7.19,7.19,6.22,7.2,1009,94,1009,821,0.97,188,2.51,100,1761748943,2,2099214,ES,1761719017,1761756697,3600,3129784,Arcavell,200,2025-10-29T14:42:20.428Z,Juberri,Point,1.5,42.4333,,
690227cd265b108ca3134332,1.5,42.4333,804,Clouds,overcast clouds,04d,stations,7.19,7.19,6.22,7.2,1009,94,1009,821,0.97,188,2.51,100,1761748943,2,2099214,ES,1761719017,1761756697,3600,3129784,Arcavell,200,2025-10-29T14:42:21.922Z,Juverri,Point,1.5,42.4333,,
690227cf265b108ca3134334,1.5167,42.5667,804,Clouds,overcast clouds,04d,stations,7.75,7.75,6.79,7.77,1009,93,1009,803,0.45,184,1.79,100,1761748901,2,2099214,AD,1761719027,1761756679,3600,3039678,Ordino,200,2025-10-29T14:42:23.397Z,La Cortinada,Point,1.5167,42.5667,2130,
690227d0265b108ca3134336,1.6333,42.5833,804,Clouds,overcast clouds,04d,stations,5.07,5.07,4.64,6.53,1009,88,1009,800,0.45,184,1.79,98,1761748930,2,2100125,AD,1761719000,1761756649,3600,3041203,Canillo,200,2025-10-29T14:42:24.816Z,La Costa,Point,1.6333,42.5833,6082,
690227d3265b108ca3134338,1.6333,42.5833,804,Clouds,overcast clouds,04d,stations,5.07,5.07,4.64,6.53,1009,88,1009,800,0.45,184,1.79,98,1761748930,2,2100125,AD,1761719000,1761756649,3600,3041203,Canillo,200,2025-10-29T14:42:27.710Z,L'Aldosa,Point,1.6333,42.5833,6082,
690227d5265b108ca313433a,1.5167,42.55,804,Clouds,overcast clouds,04d,stations,8.95,8.95,7.99,8.96,1009,93,1009,805,0.45,184,1.79,100,1761748924,2,2099214,AD,1761719025,1761756681,3600,3040132,La Massana,200,2025-10-29T14:42:29.888Z,La Maçana,Point,1.5167,42.55,1116,
690227d6265b108ca313433c,1.5167,42.55,804,Clouds,overcast clouds,04d,stations,8.95,8.95,7.99,8.96,1009,93,1009,805,0.45,184,1.79,100,1761748924,2,2099214,AD,1761719025,1761756681,3600,3040132,La Massana,200,2025-10-29T14:42:30.155Z,La Massana,Point,1.5167,42.55,1116,
690227d7265b108ca313433e,1.5333,42.5,804,Clouds,overcast clouds,04d,stations,8.77,8.77,7.8,8.77,1009,94,1009,807,0.45,184,1.79,100,1761748938,2,2099214,AD,1761719016,1761756682,3600,3040051,Escaldes-Engordany,200,2025-10-29T14:42:31.657Z,Las Escadas,Point,1.5333,42.5,95,
690227da265b108ca3134340,1.5167,42.5,804,Clouds,overcast clouds,04d,stations,10.88,10.48,9.91,10.88,1009,94,1009,807,0.45,184,1.79,100,1761748890,2,2099214,AD,1761719020,1761756686,3600,3041563,Andorra la Vella,200,2025-10-29T14:42:34.249Z,la Vieja,Point,1.5167,42.5,95,
690227da265b108ca3134342,1.5833,42.5333,804,Clouds,overcast clouds,04d,stations,8.55,8.55,8.33,9.31,1009,86,1009,802,0.45,184,1.79,100,1761748926,2,2106053,AD,1761719007,1761756666,3600,3040686,Encamp,200,2025-10-29T14:42:34.513Z,Les Bons,Point,1.5833,42.5333,1378,
690227dc265b108ca3134344,1.5333,42.5,804,Clouds,overcast clouds,04d,stations,8.77,8.77,7.8,8.77,1009,94,1009,807,0.45,184,1.79,100,1761748938,2,2099214,AD,1761719016,1761756682,3600,3040051,Escaldes-Engordany,200,2025-10-29T14:42:36.034Z,Les Escaldes,Point,1.5333,42.5,95,
690227dd265b108ca3134346,1.5333,42.6,804,Clouds,overcast clouds,04d,stations,7.29,7.29,7.06,8.03,1009,86,1009,802,0.45,184,1.79,100,1761748960,2,2100125,AD,1761719026,1761756671,3600,3039676,Ordino,200,2025-10-29T14:42:37.572Z,Llors,Point,1.5333,42.6,3170,
690227e0265b108ca3134348,1.5333,42.6,804,Clouds,overcast clouds,04d,stations,7.29,7.29,7.06,8.03,1009,86,1009,802,0.45,184,1.79,100,1761748960,2,2100125,AD,1761719026,1761756671,3600,3039676,Ordino,200,2025-10-29T14:42:40.356Z,Llorta,Point,1.5333,42.6,3170,
690227e0265b108ca313434a,1.5333,42.6,804,Clouds,overcast clouds,04d,stations,7.29,7.29,7.06,8.03,1009,86,1009,802,0.45,184,1.79,100,1761748960,2,2100125,AD,1761719026,1761756671,3600,3039676,Ordino,200,2025-10-29T14:42:40.640Z,Llorts,Point,1.5333,42.6,3170,
690227e0265b108ca313434c,1.5167,42.4667,804,Clouds,overcast clouds,04d,stations,7.97,7.97,7,7.97,1009,94,1009,814,0.45,184,1.79,100,1761748964,2,2099214,AD,1761719016,1761756689,3600,3039163,Sant Julià de Lòria,200,2025-10-29T14:42:40.925Z,Llumeneres,Point,1.5167,42.4667,,
690227e2265b108ca313434e,1.5333,42.6,804,Clouds,overcast clouds,04d,stations,7.29,7.29,7.06,8.03,1009,86,1009,802,0.45,184,1.79,100,1761748960,2,2100125,AD,1761719026,1761756671,3600,3039676,Ordino,200,2025-10-29T14:42:42.373Z,Lors,Point,1.5333,42.6,3170,
690227e2265b108ca3134350,1.55,42.6167,804,Clouds,overcast clouds,04d,stations,4.08,4.08,3.84,4.81,1009,86,1009,801,0.45,184,1.79,99,1761748929,2,2100125,AD,1761719024,1761756666,3600,3039676,Ordino,200,2025-10-29T14:42:42.654Z,Lo Serrat,Point,1.55,42.6167,5384,
690227e3265b108ca3134352,1.45,42.4333,804,Clouds,overcast clouds,04d,stations,10.43,9.98,9.45,10.43,1009,94,1009,825,0.81,175,2.28,100,1761748967,2,2099214,ES,1761719029,1761756709,3600,6358963,les Valls de Valira,200,2025-10-29T14:42:43.894Z,Mas d'Alins,Point,1.45,42.4333,,
690227e5265b108ca3134354,1.4833,42.5667,804,Clouds,overcast clouds,04d,stations,6.47,6.47,5.5,6.48,1009,93,1009,806,0.45,184,1.79,100,1761748904,2,2099214,AD,1761719035,1761756687,3600,3040131,La Massana,200,2025-10-29T14:42:45.214Z,Mas de Ribafeta,Point,1.4833,42.5667,1538,
690227e5265b108ca3134356,1.6,42.55,804,Clouds,overcast clouds,04d,stations,4.3,4.3,4.06,5.03,1009,86,1009,800,0.45,184,1.79,100,1761748968,2,2100125,AD,1761719005,1761756661,3600,3039819,Molleres,200,2025-10-29T14:42:45.496Z,Meritxell,Point,1.6,42.55,1604,
690227e6265b108ca3134358,1.5833,42.55,804,Clouds,overcast clouds,04d,stations,5.26,5.26,5.02,6,1009,86,1009,802,0.45,184,1.79,100,1761748932,2,2100125,AD,1761719009,1761756665,3600,3039819,Molleres,200,2025-10-29T14:42:46.915Z,Molleres,Point,1.5833,42.55,1378,
690227e8265b108ca313435a,1.5833,42.55,804,Clouds,overcast clouds,04d,stations,5.26,5.26,5.02,6,1009,86,1009,802,0.45,184,1.79,100,1761748932,2,2100125,AD,1761719009,1761756665,3600,3039819,Molleres,200,2025-10-29T14:42:48.385Z,Mosquera,Point,1.5833,42.55,1378,
690227e9265b108ca313435c,1.5,42.4667,804,Clouds,overcast clouds,04d,stations,10.8,10.39,9.83,10.8,1009,94,1009,817,1.19,185,2.77,100,1761748884,2,2099214,AD,1761719020,1761756693,3600,3039163,Sant Julià de Lòria,200,2025-10-29T14:42:49.879Z,Nagol,Point,1.5,42.4667,,
690227ee265b108ca313435e,1.5333,42.55,804,Clouds,overcast clouds,04d,stations,8.58,8.58,7.62,8.59,1009,93,1009,805,0.45,184,1.79,100,1761748977,2,2099214,AD,1761719021,1761756677,3600,3039678,Ordino,200,2025-10-29T14:42:54.499Z,Ordino,Point,1.5333,42.55,1116,
690227ef265b108ca3134360,1.4833,42.55,804,Clouds,overcast clouds,04d,stations,7.61,7.61,6.64,7.62,1009,94,1009,808,0.45,184,1.79,100,1761748979,2,2099214,AD,1761719033,1761756689,3600,3040131,La Massana,200,2025-10-29T14:42:55.969Z,Pal,Point,1.4833,42.55,816,
690227f2265b108ca3134362,1.7333,42.55,804,Clouds,overcast clouds,04d,stations,3.52,1.03,3.16,5.05,1009,88,1009,798,2.63,212,4.24,99,1761748981,2,2100125,AD,1761718973,1761756629,3600,3039604,Pas de la Casa,200,2025-10-29T14:42:58.646Z,Pas de la Casa,Point,1.7333,42.55,2064,
690227f4265b108ca3134364,1.6,42.5667,804,Clouds,overcast clouds,04d,stations,6.86,6.86,6.62,7.59,1009,86,1009,799,0.45,184,1.79,99,1761748915,2,2100125,AD,1761719007,1761756659,3600,3041204,Canillo,200,2025-10-29T14:43:00.541Z,Prats,Point,1.6,42.5667,3153,
690227f4265b108ca3134366,1.5,42.5667,804,Clouds,overcast clouds,04d,stations,6.82,6.82,5.85,6.83,1009,93,1009,806,0.45,184,1.79,100,1761748937,2,2099214,AD,1761719031,1761756683,3600,3040131,La Massana,200,2025-10-29T14:43:00.822Z,Puiol del Piu,Point,1.5,42.5667,1538,
690227f6265b108ca3134368,1.6333,42.5833,804,Clouds,overcast clouds,04d,stations,5.07,5.07,4.64,6.53,1009,88,1009,800,0.45,184,1.79,98,1761748930,2,2100125,AD,1761719000,1761756649,3600,3041203,Canillo,200,2025-10-29T14:43:02.298Z,Ransol,Point,1.6333,42.5833,6082,
690227f7265b108ca313436a,1.6,42.55,804,Clouds,overcast clouds,04d,stations,4.3,4.3,4.06,5.03,1009,86,1009,800,0.45,184,1.79,100,1761748968,2,2100125,AD,1761719005,1761756661,3600,3039819,Molleres,200,2025-10-29T14:43:03.815Z,Sanctuaire de Meritxeli,Point,1.6,42.55,1604,
690227fa265b108ca313436c,1.6,42.55,804,Clouds,overcast clouds,04d,stations,4.3,4.3,4.06,5.03,1009,86,1009,800,0.45,184,1.79,100,1761748968,2,2100125,AD,1761719005,1761756661,3600,3039819,Molleres,200,2025-10-29T14:43:06.194Z,Sanctuaire de Meritxell,Point,1.6,42.55,1604,
690227fb265b108ca313436e,1.6167,42.5667,804,Clouds,overcast clouds,04d,stations,4.49,4.49,4.25,5.22,1009,86,1009,799,0.45,184,1.79,99,1761748991,2,2100125,AD,1761719003,1761756655,3600,3041204,Canillo,200,2025-10-29T14:43:07.789Z,San Joan de Casettas,Point,1.6167,42.5667,3153,
690227fc265b108ca3134370,1.5,42.4667,804,Clouds,overcast clouds,04d,stations,10.8,10.39,9.83,10.8,1009,94,1009,817,1.19,185,2.77,100,1761748884,2,2099214,AD,1761719020,1761756693,3600,3039163,Sant Julià de Lòria,200,2025-10-29T14:43:08.059Z,San Juliá,Point,1.5,42.4667,,
690227fc265b108ca3134372,1.5,42.5,804,Clouds,overcast clouds,04d,stations,10.43,9.98,9.46,10.43,1009,94,1009,811,0.45,184,1.79,100,1761748991,2,2099214,AD,1761719024,1761756690,3600,3041565,Andorra,200,2025-10-29T14:43:08.328Z,Santa Coloma,Point,1.5,42.5,90,
690227fe265b108ca3134374,1.5,42.4667,804,Clouds,overcast clouds,04d,stations,10.8,10.39,9.83,10.8,1009,94,1009,817,1.19,185,2.77,100,1761748884,2,2099214,AD,1761719020,1761756693,3600,3039163,Sant Julià de Lòria,200,2025-10-29T14:43:10.898Z,Santa Juliá de Loria,Point,1.5,42.4667,,
69022801265b108ca3134376,1.6167,42.5667,804,Clouds,overcast clouds,04d,stations,4.49,4.49,4.25,5.22,1009,86,1009,799,0.45,184,1.79,99,1761748991,2,2100125,AD,1761719003,1761756655,3600,3041204,Canillo,200,2025-10-29T14:43:13.413Z,Sant Joan de Casellas,Point,1.6167,42.5667,3153,
69022802265b108ca3134378,1.6167,42.5667,804,Clouds,overcast clouds,04d,stations,4.49,4.49,4.25,5.22,1009,86,1009,799,0.45,184,1.79,99,1761748991,2,2100125,AD,1761719003,1761756655,3600,3041204,Canillo,200,2025-10-29T14:43:14.820Z,Sant Joan de Caselles,Point,1.6167,42.5667,3153,
69022805265b108ca313437a,1.5,42.4667,804,Clouds,overcast clouds,04d,stations,10.8,10.39,9.83,10.8,1009,94,1009,817,1.19,185,2.77,100,1761748884,2,2099214,AD,1761719020,1761756693,3600,3039163,Sant Julià de Lòria,200,2025-10-29T14:43:17.161Z,Sant Julià de Lòria,Point,1.5,42.4667,,
69022806265b108ca313437c,1.5,42.4667,804,Clouds,overcast clouds,04d,stations,10.8,10.39,9.83,10.8,1009,94,1009,817,1.19,185,2.77,100,1761748884,2,2099214,AD,1761719020,1761756693,3600,3039163,Sant Julià de Lòria,200,2025-10-29T14:43:18.731Z,Sant Juliá,Point,1.5,42.4667,,
69022809265b108ca313437e,1.65,42.5833,500,Rain,light rain,10d,stations,4.9,4.9,4.47,6.36,1009,88,1009,800,0.45,184,1.79,98,1761748932,2,2100125,AD,1761718996,1761756645,3600,3041203,Canillo,200,2025-10-29T14:43:21.984Z,Sant Pere,Point,1.65,42.5833,6082,0.12
6902280b265b108ca3134380,1.6,42.55,804,Clouds,overcast clouds,04d,stations,4.3,4.3,4.06,5.03,1009,86,1009,800,0.45,184,1.79,100,1761748968,2,2100125,AD,1761719005,1761756661,3600,3039819,Molleres,200,2025-10-29T14:43:23.637Z,Santuari de Meritxell,Point,1.6,42.55,1604,
6902280d265b108ca3134382,1.5333,42.55,804,Clouds,overcast clouds,04d,stations,8.58,8.58,7.62,8.59,1009,93,1009,805,0.45,184,1.79,100,1761748977,2,2099214,AD,1761719021,1761756677,3600,3039678,Ordino,200,2025-10-29T14:43:25.027Z,Segudet,Point,1.5333,42.55,1116,
6902280d265b108ca3134384,1.5,42.4667,804,Clouds,overcast clouds,04d,stations,10.8,10.39,9.83,10.8,1009,94,1009,817,1.19,185,2.77,100,1761748884,2,2099214,AD,1761719020,1761756693,3600,3039163,Sant Julià de Lòria,200,2025-10-29T14:43:25.303Z,Sertes,Point,1.5,42.4667,,
6902280d265b108ca3134386,1.5167,42.5333,804,Clouds,overcast clouds,04d,stations,9.24,9.24,8.27,9.25,1009,94,1009,805,0.45,184,1.79,100,1761749008,2,2099214,AD,1761719023,1761756682,3600,3040132,La Massana,200,2025-10-29T14:43:25.571Z,Sispony,Point,1.5167,42.5333,1116,
6902280d265b108ca3134388,1.6667,42.5833,500,Rain,light rain,10d,stations,5.23,5.23,4.81,6.7,1009,88,1009,801,0.45,184,1.79,98,1761749009,2,2100125,AD,1761718992,1761756641,3600,3041203,Canillo,200,2025-10-29T14:43:25.832Z,Soldeu,Point,1.6667,42.5833,6576,0.2
6902280e265b108ca313438a,1.5333,42.5667,804,Clouds,overcast clouds,04d,stations,7.21,7.21,6.76,7.73,1009,90,1009,803,0.45,184,1.79,100,1761749010,2,2106053,AD,1761719023,1761756675,3600,3039678,Ordino,200,2025-10-29T14:43:26.942Z,Sornàs,Point,1.5333,42.5667,2130,
69022811265b108ca313438c,1.5667,42.5333,804,Clouds,overcast clouds,04d,stations,8.17,8.17,8.01,8.98,1009,86,1009,802,0.45,184,1.79,100,1761748916,2,2106053,AD,1761719011,1761756670,3600,3040686,Encamp,200,2025-10-29T14:43:29.044Z,Vila,Point,1.5667,42.5333,1378,
69022811265b108ca313438e,1.4667,42.4833,804,Clouds,overcast clouds,04d,stations,8.59,8.59,7.62,8.6,1009,94,1009,818,1.31,177,2.81,100,1761748908,2,2099214,AD,1761719030,1761756700,3600,3039162,Sant Julià de Loria,200,2025-10-29T14:43:29.307Z,Vixesarri,Point,1.4667,42.4833,,
69022812265b108ca3134390,1.4833,42.55,804,Clouds,overcast clouds,04d,stations,7.61,7.61,6.64,7.62,1009,94,1009,808,0.45,184,1.79,100,1761748979,2,2099214,AD,1761719033,1761756689,3600,3040131,La Massana,200,2025-10-29T14:43:30.661Z,Xixerella,Point,1.4833,42.55,816,
69022814265b108ca3134392,54.3667,24.4667,800,Clear,clear sky,01n,stations,30.84,34.27,30.01,31.64,1010,59,1010,1010,3.6,340,,0,1761748837,2,2032466,AE,1761704843,1761745495,14400,292968,Abu Dhabi,200,2025-10-29T14:43:32.220Z,Abu Dabi,Point,54.3667,24.4667,10000,
69022814265b108ca3134394,54.3667,24.4667,800,Clear,clear sky,01n,stations,30.84,34.27,30.01,31.64,1010,59,1010,1010,3.6,340,,0,1761748837,2,2032466,AE,1761704843,1761745495,14400,292968,Abu Dhabi,200,2025-10-29T14:43:32.478Z,Abu Dhabi,Point,54.3667,24.4667,10000,
69022814265b108ca3134396,55.3296,25.2855,800,Clear,clear sky,01n,stations,30.99,33.65,30.99,31.17,1010,55,1010,1010,5.14,330,,0,1761749015,1,7537,AE,1761704668,1761745208,14400,292223,Dubai,200,2025-10-29T14:43:32.742Z,Abu Hail,Point,55.3296,25.2855,10000,
69022816265b108ca3134398,54.3667,24.4667,800,Clear,clear sky,01n,stations,30.84,34.27,30.01,31.64,1010,59,1010,1010,3.6,340,,0,1761748837,2,2032466,AE,1761704843,1761745495,14400,292968,Abu Dhabi,200,2025-10-29T14:43:34.379Z,Abu Zabi,Point,54.3667,24.4667,10000,
69022817265b108ca313439a,54.3667,24.4667,800,Clear,clear sky,01n,stations,30.84,34.27,30.01,31.64,1010,59,1010,1010,3.6,340,,0,1761748837,2,2032466,AE,1761704843,1761745495,14400,292968,Abu Dhabi,200,2025-10-29T14:43:35.762Z,Abu Zabye,Point,54.3667,24.4667,10000,
69022819265b108ca313439c,54.3667,24.4667,800,Clear,clear sky,01n,stations,30.84,34.27,30.01,31.64,1010,59,1010,1010,3.6,340,,0,1761748837,2,2032466,AE,1761704843,1761745495,14400,292968,Abu Dhabi,200,2025-10-29T14:43:37.122Z,Abu Zabyo,Point,54.3667,24.4667,10000,
69022819265b108ca313439e,55.9333,25.7833,800,Clear,clear sky,01n,stations,30.11,30.9,30.11,30.11,1011,48,1011,1002,3.6,340,,0,1761749020,1,7544,AE,1761704557,1761745029,14400,291074,Ras al-Khaimah,200,2025-10-29T14:43:37.387Z,Ad Dharbaniya,Point,55.9333,25.7833,10000,
6902281a265b108ca31343a0,56.3583,25.4987,800,Clear,clear sky,01n,stations,28.04,27.77,28.04,28.04,1010,41,1010,987,1.58,229,0.93,0,1761749022,,,AE,1761704436,1761744947,14400,292239,Dibba Al-Hisn,200,2025-10-29T14:43:38.915Z,Adgat,Point,56.3583,25.4987,10000,
6902281c265b108ca31343a2,55.8816,25.2881,800,Clear,clear sky,01n,stations,29.16,30.4,29.16,29.16,1010,54,1010,993,3.95,339,5.87,0,1761748937,,,AE,1761704535,1761745076,14400,292953,Adh Dhayd,200,2025-10-29T14:43:40.473Z,Adh Dhaid,Point,55.8816,25.2881,10000,
